Fold,Epoch,Train_CE_Loss,Train_P_Loss,Train_Sh_Loss,Train_Total_Loss,Val_CE_Loss,Val_P_Loss,Val_Sh_Loss,Val_Total_Loss,Val_Acc,Mean_IoU,IoU_Class0,P_Class0,R_Class0,F1_Class0,Support_Class0,IoU_Class1,P_Class1,R_Class1,F1_Class1,Support_Class1,IoU_Class2,P_Class2,R_Class2,F1_Class2,Support_Class2,IoU_Class3,P_Class3,R_Class3,F1_Class3,Support_Class3,IoU_Class4,P_Class4,R_Class4,F1_Class4,Support_Class4,IoU_Class5,P_Class5,R_Class5,F1_Class5,Support_Class5,IoU_Class6,P_Class6,R_Class6,F1_Class6,Support_Class6,IoU_Class7,P_Class7,R_Class7,F1_Class7,Support_Class7,IoU_Class8,P_Class8,R_Class8,F1_Class8,Support_Class8,IoU_Class9,P_Class9,R_Class9,F1_Class9,Support_Class9,Precision_Macro,Recall_Macro,F1_Macro,Precision_Micro,Recall_Micro,F1_Micro
1,16,0.5198838861161327,0,0,0.5198838861161327,0.5339837967108727,0,0,0.5339837967108727,0.10941987430721795,0.031285922,0.014958357342668451,0.016611097212065228,0.13069262580793725,0.029475805,317011,0.10926957946046655,0.5417263368369856,0.12039884604323162,0.19701176609136575,10657245,0.067876721,0.2498668330795306,0.085248152,0.12712463880698904,5067887,0.005019136,0.005307686,0.084520536,0.00998814,104377,0.000561415,0.000565082,0.079614739,0.0011222,11317,0.001635938,0.001668907,0.076478205,0.003266532,34755,0.029633124239671835,0.043510812,0.085010689,0.05756055,850446,0.001638687,0.001666501,0.089404692,0.003272012,32269,0.028620549065926922,0.035720942,0.12586297273631603,0.055648410080698395,671516,0.053645708,0.090587628,0.11625493884304541,0.10182874191041763,1930361,0.098723183,0.09934864,0.05862988,0.10941987430721795,0.10941987430721795,0.10941987430721795
2,1,1.3823112342677248,0,0,1.3823112342677248,1.067468207642796,0,0,1.067468207642796,0.11158248050127498,0.031278816,0.013189178304194438,0.014415283478461756,0.13424770045391277,0.026034977,275163,0.11326540106168072,0.5516556551751252,0.12474899840337858,0.20348319628664222,10685689,0.067609252,0.2548341512022732,0.08426904,0.1266554247531419,5153055,0.00534436,0.005674676,0.084092769,0.010631900069798436,109950,0.0004721,0.000474855,0.075249136,0.000943755,9834,0.001562334,0.001592357,0.076523875,0.003119795,32565,0.027639021108587746,0.039573494,0.083953946,0.053791303,772221,0.00141854,0.001441013,0.083375323,0.002833062,29769,0.028290076,0.035110306545410724,0.12712265119114768,0.055023533,657727,0.053997896,0.091225706,0.1168576847916499,0.10246300548682667,1951211,0.09959975,0.099044112,0.058497995,0.11158248050127498,0.11158248050127498,0.11158248050127498
1,18,0.4742627324758223,0,0,0.4742627324758223,0.5164049953147831,0,0,0.5164049953147831,0.1098044821860689,0.031274047,0.014652639,0.016252288309375074,0.12957909977887203,0.028882079723483507,317011,0.1099986192104097,0.5425069275337979,0.12124550012690898,0.19819595683579588,10657245,0.067901844,0.251796771,0.085065235,0.12716869916840537,5067887,0.00511211,0.005410828,0.084750472,0.010172218207074672,104377,0.000527442,0.000530972,0.073517717,0.001054328,11317,0.001634133,0.001667683,0.075125881,0.003262934,34755,0.029837152824249275,0.044043503,0.084670867,0.057945380475783334,850446,0.001616452,0.001644152,0.087545322,0.003227686,32269,0.028848684089538956,0.035867297774355995,0.12848390805282375,0.056079547,671516,0.052611394,0.088122375,0.11548099034325704,0.099963565,1930361,0.09878428,0.098546499,0.05859524,0.1098044821860689,0.1098044821860689,0.1098044821860689
1,1,1.378095409256731,0,0,1.378095409256731,1.0199732206743226,0,0,1.0199732206743226,0.10986663538847835,0.031269059,0.014795278099683527,0.016417973,0.13020368378384345,0.029159138634127904,317011,0.1101679042686591,0.546392345,0.12125816756582025,0.19847070671932993,10657245,0.067385489,0.25341229,0.084077052,0.1262627033374824,5067887,0.00515023,0.005456959,0.083936116,0.010247682545252507,104377,0.000550394,0.000554135,0.075373332,0.001100182,11317,0.001639986,0.00167414,0.07440656,0.003274601,34755,0.029856504203273657,0.04414585,0.084449806,0.057981872,850446,0.001623663,0.00165134,0.088320059,0.003242063,32269,0.028547194,0.035303347,0.1298062890534254,0.05550974,671516,0.052973948783476395,0.08758515,0.11820690534050367,0.10061777662149828,1930361,0.099259353,0.099003797,0.058586647,0.10986663538847835,0.10986663538847835,0.10986663538847835
1,14,0.5330252366995037,0,0,0.5330252366995037,0.5773439103618053,0,0,0.5773439103618053,0.10944289589404663,0.031258266,0.014922742704589823,0.016551457,0.13167997325013958,0.029406657426600473,317011,0.10927462158242297,0.5405994945118063,0.12046077574457564,0.19701996143486727,10657245,0.068047312,0.25320641858860066,0.085133114,0.1274237785361173,5067887,0.005148406,0.005448599,0.08545944,0.010244071903737882,104377,0.000559229,0.000562931,0.078377662,0.001117834,11317,0.001644393,0.001677832,0.076219249,0.003283386,34755,0.029809742901149242,0.043841116,0.085204704,0.05789369,850446,0.001627074,0.001654717,0.088753912,0.003248862,32269,0.028327192237027284,0.035286586,0.12559045503011096,0.055093734,671516,0.053221948,0.089377562,0.11626892586412593,0.10106501900139074,1930361,0.098820671,0.099314821,0.058579699373717875,0.10944289589404663,0.10944289589404663,0.10944289589404663
1,70,0.21864939881155235,0,0,0.21864939881155235,0.4013537101751561,0,0,0.4013537101751561,0.1089522260908878,0.031242878,0.014854230503935436,0.016500108825464033,0.12961379889025934,0.029273623851495255,317011,0.10809926216152886,0.5386626817898512,0.11912834883687107,0.1951075428940609,10657245,0.069175318,0.2533877334929276,0.086884731,0.12939939259086636,5067887,0.005050351,0.005339009,0.085430698,0.010049945422383416,104377,0.000578229,0.00058197,0.082530706,0.001155789,11317,0.00165276,0.001685826,0.077715437,0.003300066,34755,0.029955403311845714,0.04390231,0.086168904,0.05816835,850446,0.001627718,0.00165519,0.089311723,0.003250146,32269,0.028591276,0.035752311,0.12491437285187545,0.055593074757912773,671516,0.052844236,0.089601851,0.11411544265554474,0.10038376909418144,1930361,0.098706899,0.099581416,0.05856817,0.1089522260908878,0.1089522260908878,0.1089522260908878
1,92,0.17998420566841525,0,0,0.17998420566841525,0.3830936866983784,0,0,0.3830936866983784,0.10874620067586907,0.031224027,0.014949462,0.016611959,0.1299639444688039,0.029458535,317011,0.10762464901636004,0.5382522005626795,0.11857210751934483,0.19433415302185167,10657245,0.069597315,0.2550367970043926,0.087356328,0.1301374151535577,5067887,0.00512096,0.005412753,0.086752829,0.01018974,104377,0.00059199,0.000595808,0.084563047,0.00118328,11317,0.001672402,0.00170568,0.078952669,0.003339219,34755,0.029940583281184815,0.04380736,0.086413482,0.058140408810380316,850446,0.001583905,0.001610661,0.08704949,0.0031628,32269,0.028459307250549418,0.035594117827627725,0.1243261515734547,0.055343575,671516,0.052699698,0.089368612,0.11381964306158278,0.10012294753266449,1930361,0.098799595,0.099776969,0.058541207,0.10874620067586907,0.10874620067586907,0.10874620067586907
1,11,0.6085231839171258,0,0,0.6085231839171258,0.5900544137085209,0,0,0.5900544137085209,0.10914676612263219,0.031195224,0.014867458465135767,0.016505484045378094,0.1302920087946475,0.029299310646182308,317011,0.10890529384502964,0.5414131251307406,0.11997209410124286,0.19641946782923236,10657245,0.067450922,0.25087400445544467,0.084462815,0.12637756022411195,5067887,0.005161217,0.005462363,0.08560315,0.010269430313841145,104377,0.00056012,0.000563847,0.078112574,0.001119612,11317,0.00160459,0.001637439,0.074061286,0.003204039,34755,0.029935042402131393,0.044084986,0.085308179,0.058129962,850446,0.00158551,0.001612545,0.086398711,0.003166,32269,0.0285986,0.035533216,0.12781080421017518,0.055606919,671516,0.053283490053406206,0.089012415,0.1171899971041686,0.10117597124911638,1930361,0.098669942,0.098921162,0.058476827,0.10914676612263219,0.10914676612263219,0.10914676612263219
1,12,0.5874000939600275,0,0,0.5874000939600275,0.5627288526539799,0,0,0.5627288526539799,0.10899344133794754,0.031164945,0.014847148298879597,0.016494337269821566,0.1294308399393081,0.029259870954491774,317011,0.10846175649526162,0.5394416399069893,0.11953042273120304,0.19569778724382225,10657245,0.068074492,0.25324238729821985,0.085171591,0.127471431,5067887,0.005104202,0.005402555,0.084606762,0.010156563582894282,104377,0.000565021,0.000568763,0.079084563,0.001129404,11317,0.001639851,0.001673327,0.075758884,0.003274332,34755,0.029982658914310494,0.044107375,0.08561155,0.058219735,850446,0.001591868,0.00161896,0.086863553,0.003178677,32269,0.028439384182717003,0.035314641,0.1274593606109162,0.055305903,671516,0.052943072,0.08855001,0.11634455938552427,0.10056207873759077,1930361,0.0986414,0.098986209,0.058425578,0.10899344133794754,0.10899344133794754,0.10899344133794754
1,7,0.7396375084300522,0,0,0.7396375084300522,0.6734739461608176,0,0,0.6734739461608176,0.10880652434819942,0.03114947,0.014995981634676084,0.016658841175521542,0.13061060972647637,0.029548849,317011,0.10848347146563744,0.5396022977299265,0.11954890780872543,0.19573313316472019,10657245,0.067072781,0.24807442401337307,0.084188341,0.12571360044739344,5067887,0.005005013,0.005294012,0.083984019,0.009960175,104377,0.000520865,0.000524302,0.073606079,0.001041188,11317,0.001635289,0.001668328,0.076276795,0.003265239,34755,0.029645633457191484,0.043524537,0.08506125,0.057584148359182116,850446,0.001584477,0.001611401,0.086615637,0.003163941,32269,0.028648705,0.0356932,0.12675796258019167,0.05570163,671516,0.053902481,0.090704381,0.11727184707938049,0.10229121254514102,1930361,0.098335572,0.098392145,0.058400312,0.10880652434819942,0.10880652434819942,0.10880652434819942
1,15,0.5089546430120857,0,0,0.5089546430120857,0.5212263564186033,0,0,0.5212263564186033,0.10849779114735117,0.031134368,0.015020992681240092,0.016697885549833556,0.13011220430836784,0.029597402988801678,317011,0.1076953493714834,0.5387946685031545,0.11863159756578741,0.19444940241482594,10657245,0.067733454,0.2505825572210027,0.084939739,0.12687333916516746,5067887,0.005065681,0.005357774,0.08501873,0.010080299341952063,104377,0.0005652,0.00056889,0.080144915,0.001129761,11317,0.001626805,0.001659485,0.076305568,0.003248326,34755,0.029646904111024816,0.04350514,0.085145912,0.057586545,850446,0.001601106,0.001628214,0.087731259,0.003197093,32269,0.028670047048351292,0.035706511,0.1270081427694947,0.055741969,671516,0.053718138,0.090308995,0.11706048764971941,0.10195921658409167,1930361,0.098481012,0.099209855,0.058386335444298186,0.10849779114735117,0.10849779114735117,0.10849779114735118
1,47,0.2681705816947451,0,0,0.2681705816947451,0.391624455,0,0,0.391624455,0.10831173810236261,0.031134133,0.014974279730207369,0.016652488432388094,0.12936459618120508,0.029506718,317011,0.10726407717515658,0.5395638784238426,0.1180716029330282,0.19374615213528443,10657245,0.068637079,0.25156964841832274,0.086248963,0.12845722897390857,5067887,0.005104628,0.005395476,0.086503732,0.010157407,104377,0.000549044,0.000552594,0.078731112,0.001097485,11317,0.001652861,0.001685729,0.078147029,0.003300268,34755,0.029814755077974205,0.043597252,0.086183015,0.057903142,850446,0.001581692,0.001608372,0.08704949,0.003158389,32269,0.028501981832550687,0.035607714354206045,0.1249769178992012,0.055424262346615606,671516,0.053260934,0.090194318,0.11509712432026963,0.10113530788870788,1930361,0.098642747,0.099037358,0.058388636,0.10831173810236261,0.10831173810236261,0.10831173810236261
1,46,0.2697202409683517,0,0,0.2697202409683517,0.42117223592721653,0,0,0.42117223592721653,0.10848894841863552,0.03111942,0.014846530834028263,0.016498763298172518,0.12911223900747923,0.029258671893625104,317011,0.10755810710281433,0.5379721978236367,0.11850492317667465,0.19422566890719303,10657245,0.068882649,0.25253782987756906,0.086522845,0.1288872056180487,5067887,0.00510966,0.005401584,0.086379183,0.010167368003802614,104377,0.000538601,0.000542103,0.07696386,0.001076623,11317,0.001625944,0.001658413,0.076679614,0.003246609,34755,0.029626294094994367,0.043372768,0.085485733,0.057547664,850446,0.001596189,0.001623098,0.087824228,0.00318729,32269,0.028469007678111436,0.035600019,0.12443932832575844,0.055361917,671516,0.052941213149099615,0.089730864,0.11435840239209143,0.10055872538366106,1930361,0.098493764,0.098627036,0.058351774232671086,0.10848894841863552,0.10848894841863552,0.10848894841863552
1,100,0.17631775567573274,0,0,0.17631775567573274,0.40050527314460843,0,0,0.40050527314460843,0.10811953580349709,0.031111017,0.015001637206691497,0.016684232,0.12949077476806797,0.029559828588998846,317011,0.10673914581073331,0.5375387038423823,0.11753225153405031,0.19288943779528528,10657245,0.069437645,0.2536629348561124,0.08726635,0.12985823988903253,5067887,0.005065191,0.00535254,0.086216312,0.010079327522141983,104377,0.00054562,0.00054913,0.07864275,0.001090645,11317,0.001652765,0.001685456,0.078521076,0.003300077,34755,0.029842919186589278,0.043588427,0.086453461,0.057956255,850446,0.001570845,0.001597263,0.086739595,0.003136764,32269,0.028506700680155796,0.035683512,0.12414149476706438,0.055433184171389836,671516,0.052747699,0.089636912,0.11360983774537509,0.100209573,1930361,0.098597911,0.09886139,0.058351333091949585,0.10811953580349709,0.10811953580349709,0.10811953580349709
1,10,0.6349517850951291,0,0,0.6349517850951291,0.6240032877552817,0,0,0.6240032877552817,0.1087774551480537,0.031091363,0.014905156,0.016548959923694664,0.1304781222102703,0.02937251,317011,0.10819564760976483,0.5376856921121691,0.11929340087424095,0.195264524,10657245,0.067714235,0.2529878374975007,0.084636852,0.12683962252992012,5067887,0.005116165,0.005416785,0.084405568,0.010180246,104377,0.00053782,0.000541429,0.074666431,0.001075062,11317,0.001691844,0.001726551,0.077629118,0.003377972,34755,0.029923076446011904,0.044114761,0.085100053,0.058107401,850446,0.001613523,0.00164097,0.087979175,0.003221847,32269,0.028288293353220043,0.035087949587684394,0.12738043471786226,0.055020160272315634,671516,0.052927871678069546,0.088177002,0.11692061743891427,0.10053465788443318,1930361,0.098392794,0.098848977,0.0582994,0.1087774551480537,0.1087774551480537,0.1087774551480537
1,54,0.28287834211948215,0,0,0.28287834211948215,0.4504518898748339,0,0,0.4504518898748339,0.10828033116933805,0.031086775,0.014856475427526756,0.016509653574202744,0.1291974095536117,0.029277983216825204,317011,0.10727594753367434,0.5377402719174871,0.11817369310736499,0.19376551576437429,10657245,0.068632241,0.2515869137111532,0.086239295,0.1284487552211118,5067887,0.005067924,0.005357414,0.08574686,0.01008474,104377,0.000550133,0.000553706,0.078554387,0.001099661,11317,0.001650258,0.001683155,0.077859301,0.003295077,34755,0.029649616551670192,0.043399752,0.085575098,0.057591662396704844,850446,0.001589118,0.001615849,0.087638291,0.003173193,32269,0.028361717980605907,0.035465994,0.12402682884696715,0.055159031,671516,0.053234315519199105,0.0902381,0.11490182406296025,0.10108731691476816,1930361,0.098415081,0.098791299,0.058298294,0.10828033116933805,0.10828033116933805,0.10828033116933804
1,9,0.6541343129842506,0,0,0.6541343129842506,0.6958323098737731,0,0,0.6958323098737731,0.10846643503460658,0.03108057,0.014833223186537695,0.016492305250761015,0.12850342732586567,0.029232829291815927,317011,0.10777792397351842,0.5399918621396936,0.11867382236215833,0.19458398951827255,10657245,0.067630289,0.25100954242650275,0.084728803,0.1266923387744571,5067887,0.005075669,0.005370638,0.084597181,0.010100074234973708,104377,0.000536794,0.000540347,0.075461695,0.001073011,11317,0.001656817,0.001690363,0.077053661,0.003308154,34755,0.029780379,0.043712425,0.085452809,0.057838312,850446,0.001587477,0.001614312,0.087173448,0.003169922,32269,0.028461830839401455,0.035375233,0.12712280868959192,0.055348346,671516,0.053465299736728915,0.089517029,0.11719673159579996,0.10150367506189413,1930361,0.098531406,0.098596439,0.058285065,0.10846643503460658,0.10846643503460658,0.10846643503460658
1,50,0.2604836231589218,0,0,0.2604836231589218,0.4127552414764274,0,0,0.4127552414764274,0.108148198,0.031075823,0.014922043,0.016588638506391296,0.12932043367580304,0.029405298706291664,317011,0.1069656857649687,0.5376576223162879,0.11780127040337347,0.19325926203584176,10657245,0.068652585,0.25328324323696605,0.086073742,0.1284843839951506,5067887,0.005090673,0.005383903,0.085478602,0.010129778562949785,104377,0.000599381,0.000603269,0.085093223,0.001198044,11317,0.001649477,0.001682573,0.077370163,0.003293521,34755,0.029930108,0.043840999,0.086195949,0.058120658344007224,850446,0.001603943,0.001630915,0.088413028,0.00320275,32269,0.028561407532063713,0.035608511,0.12611762042899946,0.055536611,671516,0.05278293,0.088891959,0.11499662498361705,0.10027314986925215,1930361,0.098517163,0.099686066,0.058290345780409356,0.108148198,0.108148198,0.108148198
1,69,0.2199276277638792,0,0,0.2199276277638792,0.43076427269736295,0,0,0.43076427269736295,0.10784998503850958,0.031072856,0.015134763354960204,0.016843786558863812,0.1298030667705537,0.029818235,317011,0.10631868321537363,0.5370762424516421,0.1170446020524066,0.19220263533175086,10657245,0.069028543,0.2526134206159122,0.086744239,0.12914256253731748,5067887,0.005041367,0.005328264,0.085612731,0.010032158817067469,104377,0.000585924,0.000589681,0.084209596,0.001171162,11317,0.001665566,0.001698516,0.07906776,0.003325592,34755,0.029748863116278616,0.043448734404499895,0.086213587,0.057778870522373946,850446,0.001635316,0.001662655,0.090458335,0.003265292,32269,0.028514338,0.035623615,0.12501861459741836,0.055447624048306644,671516,0.053055199481017196,0.089908062,0.1146023982042737,0.1007643274676668,1930361,0.098479298,0.099877493,0.058294846,0.10784998503850958,0.10784998503850958,0.10784998503850958
1,24,0.3994480963799479,0,0,0.3994480963799479,0.4669174337813896,0,0,0.4669174337813896,0.10809087316559117,0.031071031,0.014688377702605478,0.016345510943388233,0.12654765922949046,0.028951504768118055,317011,0.1068989689049373,0.537295205,0.11773774554305545,0.19315036314595754,10657245,0.068261969,0.25069289226642827,0.085759608,0.1278000553402292,5067887,0.005078321,0.005368359,0.085919312,0.010105323887574891,104377,0.000571273,0.000574967,0.08164708,0.001141893,11317,0.00160107,0.001633046,0.075586247,0.003197021,34755,0.029578977181268222,0.043306765,0.085348158,0.057458394,850446,0.001568879,0.001595345,0.086398711,0.003132843,32269,0.028700914515611003,0.035801296,0.12641992149107392,0.055800309,671516,0.05376156,0.090846041,0.11637356950332088,0.10203742821330826,1930361,0.098345943,0.098773801,0.058277513534618575,0.10809087316559117,0.10809087316559117,0.10809087316559117
1,37,0.33378080554697337,0,0,0.33378080554697337,0.5037560158476643,0,0,0.5037560158476643,0.10804594803809325,0.031069801,0.015215490701766303,0.01691654,0.13142761607641376,0.029974898612409106,317011,0.10708884089797886,0.5377240365311571,0.11794746203169769,0.19346024807027637,10657245,0.068017743,0.24881695191748432,0.085594253,0.12737193458190219,5067887,0.005113224,0.005402447,0.087183958,0.010174424292500164,104377,0.000571295,0.000574959,0.082265618,0.001141937,11317,0.001633982,0.001666267,0.077772982,0.003262633,34755,0.029357487699240653,0.042902964,0.085074185,0.057040412,850446,0.00157069,0.001597112,0.086708606,0.003136453,32269,0.028362694,0.035527523,0.12329862579596018,0.055160876729960735,671516,0.053766558,0.091412283,0.11548047230543924,0.10204643105975501,1930361,0.098254108,0.099275378,0.058277025,0.10804594803809325,0.10804594803809325,0.10804594803809325
1,5,0.8270054443194209,0,0,0.8270054443194209,0.7151177909153883,0,0,0.7151177909153883,0.10861269580037469,0.031056757,0.015101329602074453,0.016755459,0.13267362962168505,0.029753344,317011,0.10810688933335023,0.5369291842355922,0.11922274471498027,0.19511996608628354,10657245,0.067141425,0.2507321601492829,0.08399398,0.12583416437529663,5067887,0.005070075,0.005367605,0.083801987,0.010088998182204054,104377,0.000543931,0.000547571,0.07563842,0.001087271,11317,0.00161332,0.00164646,0.07420515,0.003221443,34755,0.029680431,0.04375568,0.084473323,0.057649792,850446,0.001606135,0.001633491,0.087514333,0.003207119,32269,0.028488302014851304,0.035366752,0.12776315084078413,0.055398398,671516,0.053215727471042716,0.088819006,0.11719776767143555,0.10105380328647975,1930361,0.098155337,0.098648449,0.05824143,0.10861269580037469,0.10861269580037469,0.10861269580037469
1,82,0.20003217039358406,0,0,0.20003217039358406,0.41710180922610673,0,0,0.41710180922610673,0.10811048979366153,0.03105218,0.014795187,0.016453340577095386,0.12801448530177187,0.029158962040969266,317011,0.10685646309060269,0.5361802972706886,0.11773980986643359,0.19308097599617277,10657245,0.069105039,0.2534201616505064,0.086770088,0.1292764252594989,5067887,0.005162338,0.005456891,0.087289345,0.01027165,104377,0.000554011,0.0005576,0.079261288,0.001107409,11317,0.001647092,0.001679876,0.077830528,0.003288768,34755,0.029779619,0.043593580871024294,0.085904337,0.057836878,850446,0.001554294,0.001580581,0.085469026,0.003103764,32269,0.028470848,0.035571693,0.1248220444486803,0.055365397089188355,671516,0.052596903,0.089027764,0.11389424050734552,0.099937408,1930361,0.098352179,0.098699519,0.058242764,0.10811048979366153,0.10811048979366153,0.10811048979366153
1,84,0.1945293323694419,0,0,0.1945293323694419,0.3784791011546276,0,0,0.3784791011546276,0.10770758661401957,0.031028694,0.015009064447597793,0.016704015,0.12885672736908182,0.029574247114268353,317011,0.10618102723161757,0.5368787210365762,0.11688715047838348,0.19197766842440134,10657245,0.069142468,0.25280380966813504,0.086901701,0.12934191740035694,5067887,0.005126654,0.005416813,0.087346829,0.010201010366607553,104377,0.00056778,0.00057142,0.081823805,0.001134915,11317,0.001644417,0.001676947,0.078147029,0.003283435,34755,0.029673559229967856,0.043323355,0.086074836,0.057636828612281664,850446,0.001588044,0.001614624,0.087979175,0.003171052,32269,0.028541098,0.035699961,0.12459569094407281,0.055498216,671516,0.052812829011737276,0.089614493,0.11394863447821418,0.10032710004362703,1930361,0.098430416,0.099256158,0.058214638981488064,0.10770758661401957,0.10770758661401957,0.10770758661401957
1,25,0.3914175417202895,0,0,0.3914175417202895,0.4947387589503089,0,0,0.4947387589503089,0.1079736307796888,0.031025352,0.014935638076788436,0.016605181743331462,0.1293362059991609,0.029431695008936967,317011,0.10674968327381869,0.5349270516211675,0.1176706550332661,0.1929066434571691,10657245,0.068401517,0.2514201058690008,0.085894772,0.12804459065617613,5067887,0.005115326,0.00540833,0.086273796,0.010178585860412648,104377,0.000588753,0.000592564,0.083856146,0.001176813,11317,0.001665381,0.001698618,0.078434758,0.003325224,34755,0.029720605933691475,0.04349952,0.085778521,0.057725573,850446,0.001591086,0.001617927,0.087514333,0.003177118,32269,0.028399099758692273,0.03545016,0.12494117787215793,0.055229725,671516,0.05308643,0.089779197,0.11495880822291789,0.1008206511689611,1930361,0.098099866,0.099465917,0.058201661789019934,0.1079736307796888,0.1079736307796888,0.1079736307796888
1,2,1.0871069379690586,0,0,1.0871069379690586,0.9108721385093453,0,0,0.9108721385093453,0.10891177314802769,0.031024806,0.014952365772017803,0.016602081,0.13079356867742759,0.029464172,317011,0.1086398627666842,0.5400035044385322,0.11971912065454064,0.19598765372835544,10657245,0.067391577,0.25454089738804186,0.083963001,0.1262733910985294,5067887,0.005113501,0.005420188,0.082882244,0.010174971639810003,104377,0.00054436,0.000548091,0.074047893,0.001088127,11317,0.001632447,0.001666679,0.073629694,0.003259574,34755,0.029798843,0.044070231454349004,0.084265197,0.057873134,850446,0.001634497,0.001662329,0.088939849,0.003263659,32269,0.028477486848483235,0.035131143,0.1307072355684749,0.055377948885873045,671516,0.052063117,0.085755062,0.11700920190575752,0.098973371,1930361,0.098540021,0.0985957,0.0581736,0.10891177314802769,0.10891177314802769,0.10891177314802769
1,41,0.30703598777022983,0,0,0.30703598777022983,0.42940416619442184,0,0,0.42940416619442184,0.10783458649367715,0.031011856,0.015023074992444924,0.016710121990971438,0.12952862834412687,0.029601445252969733,317011,0.10638913172656823,0.5350046313128134,0.11722898366322629,0.19231774549437844,10657245,0.068745703,0.2529094707271117,0.086263565,0.12864744707028622,5067887,0.005030323,0.00531831,0.084999569,0.01001029,104377,0.000536796,0.000540287,0.076698772,0.001073015,11317,0.001583977,0.001615667,0.074723061,0.003162944,34755,0.029714194468986987,0.043486995810831035,0.085773818,0.057713479,850446,0.001548213,0.001574346,0.085314079,0.00309164,32269,0.028591341,0.035676293,0.12585254856176176,0.055593197,671516,0.052955805,0.089454228,0.11487954843679499,0.10058504784002659,1930361,0.098229035,0.098126257,0.058179625,0.10783458649367715,0.10783458649367715,0.10783458649367715
1,77,0.20350892980777652,0,0,0.20350892980777652,0.3820845537092366,0,0,0.3820845537092366,0.107779955,0.031009317,0.014936460399341517,0.016618973,0.12856651661929713,0.029433292,317011,0.10634717086395126,0.536179564,0.11712182651332498,0.19224918482126063,10657245,0.069054567,0.2530176931706399,0.086737727,0.12918810607850675,5067887,0.005044237,0.005331581,0.085583989,0.010037839948535422,104377,0.00056657,0.000570226,0.081205266,0.001132499,11317,0.001656628,0.001689526,0.078405985,0.003307775,34755,0.029872599817128923,0.043656272994685275,0.086435823,0.058012224,850446,0.001613152,0.001640183,0.089156776,0.003221108,32269,0.028402761399404466,0.035494794,0.12446017667486702,0.055236649,671516,0.052599024121211195,0.089072184,0.1138315579313921,0.099941237,1930361,0.0983271,0.099150564,0.058175991,0.107779955,0.107779955,0.107779955
1,20,0.4413678448811657,0,0,0.4413678448811657,0.5204384330408857,0,0,0.5204384330408857,0.1079683454705714,0.031007604,0.015007811267190006,0.016694966095668496,0.12930466135244517,0.029571814326144835,317011,0.1067565,0.5360511165495474,0.11762467692166222,0.19291777369575763,10657245,0.068511251,0.25286286755501963,0.0859001,0.1282368362913322,5067887,0.005013397,0.005302745,0.084146891,0.009976776,104377,0.000540818,0.000544353,0.076875497,0.001081052,11317,0.001658406,0.001691633,0.077859301,0.003311321,34755,0.029810472974214734,0.043679194,0.085829083,0.057895067,850446,0.001574295,0.001600839,0.086708606,0.00314364,32269,0.028600957207964184,0.035621819405659755,0.12672371172094188,0.055611376,671516,0.052602129,0.088563915,0.11468735640639238,0.099946841,1930361,0.098261345,0.098565988,0.058169249671902734,0.1079683454705714,0.1079683454705714,0.10796834547057138
1,30,0.3588172614475174,0,0,0.3588172614475174,0.42545633659473964,0,0,0.42545633659473964,0.10799126541684013,0.03100738,0.015002995560874506,0.016683609837215646,0.1296295712136172,0.029562466,317011,0.10668442447859353,0.5361440007259447,0.11753272069845443,0.19280008305684274,10657245,0.068642027,0.25328477411951095,0.08605697,0.12846589376872944,5067887,0.005063708,0.005356252,0.084846278,0.010076392160075368,104377,0.000561095,0.000564768,0.079438014,0.001121562,11317,0.001615383,0.001647939,0.075586247,0.003225555,34755,0.029583154261846906,0.04336739,0.085148263,0.057466275,850446,0.00161439,0.001641578,0.088815891,0.003223575,32269,0.028517678,0.03550642,0.12654947908910585,0.055453939,671516,0.052788947167403254,0.088742221,0.11527688344304511,0.10028400717814398,1930361,0.098293895,0.098888032,0.058167975,0.10799126541684013,0.10799126541684013,0.10799126541684013
1,56,0.24380256685984322,0,0,0.24380256685984322,0.38451294721314355,0,0,0.38451294721314355,0.10768436174607099,0.031005455,0.014952618,0.016638344,0.12860437,0.029464661594361317,317011,0.10624112023528431,0.5362964938467031,0.11698764549374627,0.19207588344336374,10657245,0.06873378,0.25214874118402353,0.086333614,0.1286265694892423,5067887,0.005128434,0.005420394,0.086934861,0.010204534911508778,104377,0.000551846,0.000555415,0.079084563,0.001103083,11317,0.001637579,0.001670141,0.077485254,0.003269803,34755,0.029790839871492406,0.043543734,0.086192421,0.05785804,850446,0.001595977,0.001622721,0.08828907,0.003186869,32269,0.028589569480943225,0.035699946,0.12552493164719827,0.055589849,671516,0.05283279,0.089418884,0.11435995650554481,0.1003631159320468,1930361,0.098301481,0.098979669,0.058174241,0.10768436174607099,0.10768436174607099,0.10768436174607099
1,67,0.23181627983604244,0,0,0.23181627983604244,0.4065681742341393,0,0,0.4065681742341393,0.10775103795339822,0.031003729,0.014845956199382553,0.016515416382059563,0.12805864780717388,0.029257556,317011,0.10631510529264969,0.5360134017740169,0.11709086166265296,0.19219678875220012,10657245,0.068984854,0.252738229,0.086660575,0.129066101,5067887,0.005084966,0.005374441,0.086264215,0.01011848,104377,0.000576165,0.000579871,0.082707431,0.001151667,11317,0.001655985,0.001688831,0.07846353,0.003306495,34755,0.029667761,0.043361785,0.085874941,0.057625891,850446,0.001607064,0.001634005,0.088815891,0.003208972,32269,0.028468282057892137,0.035594865,0.12448847086294296,0.055360545,671516,0.052831153,0.089518344,0.11419004010130747,0.10036016253185086,1930361,0.098301919,0.09926146,0.058165266,0.10775103795339822,0.10775103795339822,0.10775103795339823
1,44,0.29604845646021266,0,0,0.29604845646021266,0.40093115210334623,0,0,0.40093115210334623,0.10774112799880307,0.031003691,0.014900705205526905,0.016573620070752262,0.12863276037740015,0.029363868,317011,0.10622457289966594,0.535073302,0.11702592930912258,0.19204883981419288,10657245,0.068798327,0.2527217655794231,0.086368342,0.12873958561739074,5067887,0.005108582,0.005401093,0.086197151,0.010165234491294809,104377,0.000573305,0.000577018,0.081823805,0.001145954,11317,0.001606651,0.001638732,0.075845202,0.003208147,34755,0.029759296,0.043530727,0.085979592,0.057798547,850446,0.001564094,0.00159043,0.086305742,0.003123304,32269,0.028579675404458577,0.035664353086385346,0.12577511183650128,0.055571146,671516,0.052921698,0.089450886,0.11472465512927375,0.10052352028411307,1930361,0.098222193,0.098867829,0.058168815,0.10774112799880307,0.10774112799880307,0.10774112799880307
1,26,0.39473423910180694,0,0,0.39473423910180694,0.49616364897736703,0,0,0.49616364897736703,0.10783072415239904,0.031002328,0.014888232351082983,0.016558713612807658,0.12860121573068442,0.029339649187956403,317011,0.10661629011372221,0.5373729069458278,0.11739122071417143,0.19268881375813782,10657245,0.068272451,0.2515476997410362,0.085676535,0.12781842558953146,5067887,0.00511194,0.00540511,0.086130086,0.010171881028593283,104377,0.000584146,0.000587932,0.083149244,0.001167609,11317,0.001652668,0.001685717,0.077744209,0.003299883,34755,0.029806771668010656,0.043668509,0.085839665,0.057888086363486795,850446,0.001583778,0.001610455,0.087266417,0.003162547,32269,0.028502074,0.035538242,0.12584212438720746,0.055424435876574134,671516,0.053004925,0.089264539,0.11542659637238838,0.10067365024270973,1930361,0.098323982,0.099306731,0.058163498,0.10783072415239904,0.10783072415239904,0.10783072415239903
1,57,0.24112905405592064,0,0,0.24112905405592064,0.4015400915419827,0,0,0.4015400915419827,0.10775881345623439,0.031000007,0.015096572452729787,0.016788188,0.13030147218866223,0.029744110781997134,317011,0.10621648406986516,0.5348308853705007,0.11702771213385824,0.19203561978951106,10657245,0.069133424,0.25386141792108985,0.086763182,0.12932609289645614,5067887,0.005031088,0.005318716,0.085114537,0.010011804778822398,104377,0.000587691,0.000591475,0.084121234,0.001174691,11317,0.001688214,0.001721724,0.079815854,0.003370737,34755,0.029526019423708333,0.043167485,0.085449282,0.057358471503684644,850446,0.001597178,0.001623994,0.088196102,0.003189262,32269,0.028312138,0.035377724,0.12415936478058602,0.055065261002732624,671516,0.052811262,0.089380336,0.11432213974484565,0.10032427193381634,1930361,0.098266194,0.099527088,0.058160032205925014,0.10775881345623439,0.10775881345623439,0.10775881345623439
1,38,0.3363868228402563,0,0,0.3363868228402563,0.42796020580767397,0,0,0.42796020580767397,0.10755563397689426,0.030999985,0.015160259402838256,0.016870426,0.13009643198500997,0.029867716,317011,0.10599612361998188,0.534659208,0.11676845188414078,0.191675398,10657245,0.068487828,0.2506430344680257,0.086122283,0.12819580452444032,5067887,0.004986346,0.005269437,0.084932504,0.009923211,104377,0.000582075,0.000585804,0.083767783,0.001163472,11317,0.00157996,0.001611327,0.075068335,0.003154935,34755,0.029672097,0.043333653195721425,0.086021923,0.05763407,850446,0.001592945,0.001619628,0.088165112,0.003180823,32269,0.028608438584817687,0.035768536,0.1250439304499074,0.055625518,671516,0.053333779,0.090502738,0.11493653259675263,0.10126662586224446,1930361,0.098086379,0.099092329,0.058168757434425955,0.10755563397689426,0.10755563397689426,0.10755563397689427
1,90,0.184722079,0,0,0.184722079,0.41581721319743337,0,0,0.41581721319743337,0.10762688400941924,0.030994348,0.015005255,0.016695015,0.12911223900747923,0.029566852,317011,0.10591048043637567,0.5343036280997915,0.1166814688036167,0.1915353589823744,10657245,0.069212754,0.25364339317550477,0.086913737,0.1294648873421898,5067887,0.005066325,0.005355366,0.085813925,0.010081574422943263,104377,0.000545341,0.000548869,0.078200937,0.001090087,11317,0.001592538,0.001624237,0.075442382,0.003180011,34755,0.029808924961652935,0.043564366,0.086262973,0.057892147,850446,0.001626706,0.001653942,0.089900524,0.003248127,32269,0.028360740438538593,0.035439826,0.12432912990904163,0.055157182,671516,0.052814414566205774,0.089391585,0.11431851348012108,0.10032996097981248,1930361,0.098222023,0.098697583,0.058154619,0.10762688400941924,0.10762688400941924,0.10762688400941922
1,78,0.1999578452750507,0,0,0.1999578452750507,0.3976476444838744,0,0,0.3976476444838744,0.1077264409378903,0.030993222,0.015082024724847268,0.016781129548572547,0.12964534353697504,0.029715873904742757,317011,0.10619711322051502,0.5354599586879272,0.11697413355890758,0.19200396014655866,10657245,0.069112969,0.2545770663178936,0.086647749,0.12929030202754654,5067887,0.005179195,0.005475654,0.087308507,0.010305017434171655,104377,0.000556403,0.000560014,0.079438014,0.001112187,11317,0.00161045,0.00164267,0.075873975,0.00321572,34755,0.029776703227261735,0.043564663,0.085992526,0.057831379,850446,0.00159343,0.001620213,0.087917196,0.00318179,32269,0.028568857,0.03561214,0.12621739467116197,0.055550695,671516,0.052255073,0.088152447,0.11372795036783276,0.099320164,1930361,0.098344596,0.098974279,0.058152709,0.1077264409378903,0.1077264409378903,0.1077264409378903
1,48,0.2847408244974111,0,0,0.2847408244974111,0.41912407204074525,0,0,0.41912407204074525,0.10756640787624897,0.03099249,0.014924794881841414,0.016600489,0.12880941039900823,0.029410642,317011,0.10596127119523958,0.5345081672093142,0.11673335838671252,0.19161841188294892,10657245,0.068818463,0.2520687277159187,0.086476672,0.12877483869868225,5067887,0.005026644,0.005312523,0.085430698,0.010003006398693339,104377,0.000554985,0.00055856,0.079791464,0.001109354,11317,0.001594481,0.001626126,0.075730111,0.003183885,34755,0.029698059245121727,0.043386655660634696,0.086031329,0.057683044,850446,0.001585689,0.001612315,0.087607301,0.003166358,32269,0.028689638335502476,0.035874506,0.12530006731038426,0.055778997,671516,0.053070878666335725,0.090064798,0.11442160300586264,0.10079260521105185,1930361,0.098161287,0.098633201,0.058152114186605944,0.10756640787624897,0.10756640787624897,0.10756640787624897
1,52,0.26162033778096516,0,0,0.26162033778096516,0.4267277556295498,0,0,0.4267277556295498,0.10767409604951603,0.030987748,0.015107833866544539,0.016804163171567948,0.1301784480664709,0.029765968,317011,0.10618420969689886,0.5352990586058847,0.11696615776403751,0.19198287006102532,10657245,0.068853256,0.2525327841552757,0.086477066,0.12883575085079674,5067887,0.005073943,0.005363318,0.085957634,0.010096656467228066,104377,0.000587431,0.000591208,0.084209596,0.001174173,11317,0.00164871,0.001681451,0.078060711,0.003291992,34755,0.029611759,0.043287117,0.085698563,0.057520242,850446,0.001564637,0.001590938,0.08646069,0.003124386,32269,0.028321196,0.035392715,0.12414894060603172,0.055082393,671516,0.052924506,0.089609421,0.11447806912800249,0.10052858664542524,1930361,0.098215218,0.099263588,0.058140301801786386,0.10767409604951603,0.10767409604951603,0.10767409604951603
1,74,0.20044203100107194,0,0,0.20044203100107194,0.3986397303212791,0,0,0.3986397303212791,0.10742517831819838,0.030987006,0.015049764500523885,0.016756684174671608,0.12872423985287576,0.029653255,317011,0.10562551883258463,0.5340464588219992,0.11634789291228644,0.19106924909640874,10657245,0.069319915,0.2527001780198904,0.087194525,0.12965234117814126,5067887,0.005130662,0.005419818,0.087730055,0.010208945006931758,104377,0.000573256,0.000576911,0.082972519,0.001145856,11317,0.001670859,0.001703677,0.079815854,0.003336144,34755,0.029765889,0.04340178,0.086542826,0.057810982437164926,850446,0.001564562,0.001590787,0.086677616,0.003124236,32269,0.028446197,0.035617379,0.1237945186711858,0.055318785062929865,671516,0.052723433143025696,0.089737274,0.1133368318153962,0.1001657823567466,1930361,0.098155095,0.099313688,0.058148557,0.10742517831819838,0.10742517831819838,0.10742517831819838
1,40,0.29392842000519404,0,0,0.29392842000519404,0.40721839251962927,0,0,0.40721839251962927,0.10752244833407057,0.030985369,0.015038345090445233,0.016727177,0.1296390346076319,0.029631087659265205,317011,0.10583937191174694,0.5345190368045031,0.11658491476924852,0.19141906971312575,10657245,0.068848787,0.2526208007084507,0.086459702,0.12882792718309014,5067887,0.005089063,0.005379578,0.086120505,0.010126590834584746,104377,0.000593638,0.000597455,0.08500486,0.001186571,11317,0.001672356,0.001705578,0.07906776,0.003339127,34755,0.029755754257214686,0.043515922,0.086007812,0.057791868,850446,0.001606275,0.001633273,0.088567975,0.003207398,32269,0.028647585221736646,0.035761745,0.12587935358204422,0.055699514,671516,0.052762510626327766,0.089213971,0.11436617295935837,0.10023630228803906,1930361,0.098167454,0.099769809,0.058146546,0.10752244833407057,0.10752244833407057,0.10752244833407057
1,87,0.1873759692976814,0,0,0.1873759692976814,0.4142595383646486,0,0,0.4142595383646486,0.10742639800491778,0.030980734,0.015026700365658997,0.016718502,0.12929519795843047,0.029608483,317011,0.10559029000634473,0.53237218,0.11638486306733119,0.19101160884062898,10657245,0.069145761,0.2525509546053035,0.086936824,0.1293476777009085,5067887,0.005073063,0.005360408,0.086455828,0.010094914,104377,0.000540745,0.000544227,0.077935849,0.001080906,11317,0.001632968,0.001665252,0.077686664,0.003260612,34755,0.029942909269604676,0.043722514,0.086765062,0.058144794,850446,0.001616952,0.001644027,0.089404692,0.003228684,32269,0.028428203,0.035579217,0.12391514126245688,0.05528476,671516,0.052809752,0.089772919,0.11367925481295986,0.10032154811232491,1930361,0.09799302,0.098845938,0.058138398684070926,0.10742639800491778,0.10742639800491778,0.10742639800491778
1,42,0.29054170487127534,0,0,0.29054170487127534,0.4276464945023304,0,0,0.4276464945023304,0.10773858698480433,0.030976604,0.015185371670281186,0.016886368229279546,0.13100176334575142,0.029916450914371912,317011,0.10617967838741452,0.5349208412873927,0.11697873137006796,0.191975464,10657245,0.068864692,0.25497338598750796,0.086212459,0.12885577113358218,5067887,0.00510245,0.005397882,0.085277408,0.010153094891684922,104377,0.000555956,0.000559606,0.078554387,0.001111295,11317,0.001622193,0.001654918,0.075816429,0.003239132,34755,0.029840966983522826,0.043740418,0.085845545,0.057952573145209275,850446,0.001580425,0.001607041,0.087111469,0.003155863,32269,0.028478392,0.035421895765656526,0.12685178015118032,0.05537966,671516,0.052355911,0.087849039,0.11471999278891358,0.099502289,1930361,0.09830114,0.098836996,0.058124159,0.10773858698480433,0.10773858698480433,0.10773858698480433
1,32,0.3298578081058523,0,0,0.3298578081058523,0.43183297583900027,0,0,0.43183297583900027,0.10752951235298709,0.030975679,0.015234363,0.016944442,0.1311531776499869,0.03001152,317011,0.10600295415794198,0.533324453,0.11684060936949466,0.1916865660429408,10657245,0.068429993,0.2509762998566577,0.085991657,0.1280944815697156,5067887,0.004982244,0.005266038,0.084625923,0.009915088,104377,0.000536652,0.000540119,0.077140585,0.001072727,11317,0.001652731,0.001685474,0.078405985,0.003300008,34755,0.029555296,0.043190174877405466,0.08560567,0.057413713,850446,0.001630183,0.001657475,0.090086461,0.00325506,32269,0.028553332101295306,0.035691298,0.12493522120098405,0.055521345,671516,0.05317904,0.090249819,0.11462570990607457,0.10098765432098765,1930361,0.097952559,0.0989411,0.058125816,0.10752951235298709,0.10752951235298709,0.10752951235298709
1,33,0.32495497793678835,0,0,0.32495497793678835,0.41551447688888055,0,0,0.41551447688888055,0.1077099751671784,0.030970975,0.015377209521135185,0.017090178801223217,0.13301115734154334,0.030288663911192715,317011,0.10616411592814176,0.533710628,0.11701785968137168,0.19195002694344923,10657245,0.068589917,0.25362102781750673,0.085936407,0.1283746290942228,5067887,0.005096361,0.005390953,0.08530615,0.010141039,104377,0.00057772,0.000581494,0.081735442,0.001154773,11317,0.00162299,0.001655679,0.075960293,0.003240721,34755,0.029584815561363116,0.043356331,0.085204704,0.057469409249654706,850446,0.001583141,0.001609839,0.087142459,0.003161277,32269,0.028343755796702088,0.035293149623006226,0.12583318938044663,0.055125060344715114,671516,0.052769724,0.088721361,0.11522041732090527,0.10024931957143987,1930361,0.098103064,0.099236808,0.058115492,0.1077099751671784,0.1077099751671784,0.10770997516717838
1,35,0.3283878667566997,0,0,0.3283878667566997,0.4201699685643456,0,0,0.4201699685643456,0.10757575880776436,0.030970218,0.015012234955028767,0.016697708,0.12946869351536697,0.029580401965684486,317011,0.10588950945766921,0.534303122,0.11665604009291332,0.1915010650740284,10657245,0.068885819,0.25344026942339576,0.086422408,0.12889275520297022,5067887,0.005038372,0.005327572,0.084932504,0.010026227661530841,104377,0.000550979,0.000554563,0.078554387,0.001101351,11317,0.001605188,0.001637291,0.075672565,0.003205232,34755,0.029705886,0.043476757,0.085744421,0.057697808312500716,850446,0.001618687,0.001645853,0.089311723,0.003232143,32269,0.028543761855096272,0.035602362,0.12585105939396826,0.055503252,671516,0.052851744,0.089133683,0.11491943734876534,0.10039731514707992,1930361,0.098181918,0.098753324,0.058113755098944654,0.10757575880776436,0.10757575880776436,0.10757575880776436
1,96,0.17794744983054914,0,0,0.17794744983054914,0.3791866462544339,0,0,0.3791866462544339,0.10742975214339613,0.030967488,0.015114943565062926,0.016823275125858152,0.12956332745551416,0.029779767623121678,317011,0.10553513968028987,0.5345450276567388,0.11621465022151597,0.19092136630014242,10657245,0.069596135,0.25490163343645694,0.087370338,0.130135353,5067887,0.00512688,0.005418212,0.087049829,0.010201458024806407,104377,0.00054844,0.000551978,0.078819475,0.00109628,11317,0.001648853,0.00168148,0.078319666,0.003292277,34755,0.029737539,0.043425777,0.086208883,0.057757512,850446,0.001586573,0.001613156,0.087824228,0.003168119,32269,0.028253271819084578,0.035301041997507485,0.12397172963860877,0.054953915719814186,671516,0.05252711,0.088962369,0.11367407443478189,0.099811414,1930361,0.098322395,0.09890162,0.058111746,0.10742975214339613,0.10742975214339613,0.10742975214339613
1,55,0.2551323215878079,0,0,0.2551323215878079,0.45712266245749866,0,0,0.45712266245749866,0.10742461929511865,0.030965071,0.014957351321201467,0.016647486,0.12840879338571848,0.029473851884970377,317011,0.10568232400759152,0.5338916537650269,0.11642417904439656,0.19116218413357924,10657245,0.068963844,0.2525888361080656,0.086644986,0.12902932909491524,5067887,0.005065888,0.005354096,0.086015118,0.010080708546482645,104377,0.000589982,0.000593757,0.084916497,0.001179268,11317,0.001645894,0.001678497,0.078118256,0.00328638,34755,0.029482146665509773,0.043060637,0.085501019,0.057275683,850446,0.001580429,0.001606899,0.087545322,0.003155871,32269,0.028778285036781474,0.035955452,0.12600444367669572,0.055946525,671516,0.052904564564319516,0.089728038,0.11419211225257866,0.10049261128659055,1930361,0.098110535,0.099377073,0.058108241176945054,0.10742461929511865,0.10742461929511865,0.10742461929511865
1,73,0.20463294630791126,0,0,0.20463294630791126,0.4289489753736644,0,0,0.4289489753736644,0.10737110554030495,0.030963711,0.014944590686275414,0.016642912213734182,0.1277432013400166,0.029449077,317011,0.10553300995485909,0.5345856840087884,0.1162101462432364,0.19091788124746847,10657245,0.069172102,0.25340331914624215,0.086877825,0.1293937651112017,5067887,0.00515253,0.005444781,0.087586346,0.010252235036581481,104377,0.000568664,0.000572312,0.081912168,0.001136681,11317,0.001613309,0.001645271,0.076679614,0.003221422,34755,0.029660945,0.043295282,0.086079539,0.057613033,850446,0.001617315,0.001644371,0.08949766,0.003229406,32269,0.028509222,0.035605129,0.1251481721954503,0.055437951,671516,0.052865425837545284,0.089552124,0.11429520177832023,0.10042199988757593,1930361,0.098239118,0.099202987,0.058107345151078925,0.10737110554030495,0.10737110554030495,0.10737110554030495
1,88,0.18214578041923135,0,0,0.18214578041923135,0.3921551966448807,0,0,0.3921551966448807,0.1073516921933545,0.030955046,0.014877589108265877,0.016557741324096466,0.1278693799268795,0.029318982,317011,0.10553960684034808,0.5332067217171909,0.11628352355604099,0.19092867625427218,10657245,0.069264913,0.25235219066414427,0.087148944,0.1295561320632954,5067887,0.005075929,0.005362176,0.086829474,0.010100588,104377,0.000579563,0.000583256,0.083856146,0.001158454,11317,0.001608631,0.00164034,0.076823479,0.003212096,34755,0.029536707794103494,0.043077663398846985,0.085893755,0.057378639,850446,0.001596399,0.001623125,0.088382038,0.003187709,32269,0.028557441,0.035771094,0.1240446988604888,0.055529112486150715,671516,0.052913683,0.090204843,0.11347100361020555,0.10050906114148264,1930361,0.098037915,0.099060244,0.058087945,0.1073516921933545,0.1073516921933545,0.1073516921933545
1,68,0.21275253581514367,0,0,0.21275253581514367,0.41668394671987236,0,0,0.41668394671987236,0.10749419225840445,0.030950607,0.014979903936722265,0.016661643934227012,0.129232109,0.029517636514025346,317011,0.10571637738033421,0.5325538382897994,0.11652936570380056,0.19121789193499636,10657245,0.069259302,0.25395773384041814,0.086950242,0.12954631712850473,5067887,0.005001093,0.005286392,0.084807956,0.009952413,104377,0.000562914,0.000566544,0.080763453,0.001125195,11317,0.001663156,0.00169617,0.078722486,0.003320789,34755,0.029558477,0.043234490508435655,0.085458689,0.057419715461205265,850446,0.001572037,0.001598485,0.086770585,0.00313914,32269,0.028603982014951262,0.035745403573435294,0.1252419897664389,0.055617094,671516,0.052588826,0.089087052,0.11375955067471835,0.099922827,1930361,0.098038775,0.098823643,0.058077902,0.10749419225840445,0.10749419225840445,0.10749419225840445
1,6,0.7881010736553595,0,0,0.7881010736553595,0.6931420303602004,0,0,0.6931420303602004,0.10801052630295066,0.030949841,0.015025044164039002,0.016698742594016543,0.1303645614820937,0.029605267870830572,317011,0.10692111471461982,0.5355235689604007,0.11785006350140209,0.19318651219727728,10657245,0.067818867,0.25381816934810125,0.084707492,0.12702316602773578,5067887,0.00516959,0.005473712,0.085124117,0.010286005360068072,104377,0.000525961,0.000529489,0.073164266,0.001051369,11317,0.001610523,0.001643519,0.074262696,0.003215867,34755,0.029726379107377753,0.043720561065409634,0.08497894,0.057736462,850446,0.001575909,0.001602594,0.08646069,0.003146858,32269,0.028360058671890738,0.035144014,0.12809821359431495,0.055155892982691815,671516,0.052764965,0.087814059,0.11676417001793965,0.1002407321673411,1930361,0.098196843,0.098177521,0.058064813325732836,0.10801052630295066,0.10801052630295066,0.10801052630295066
1,59,0.24336766998138554,0,0,0.24336766998138554,0.38552048780042664,0,0,0.38552048780042664,0.10730961300153517,0.030940458,0.014864060351268976,0.016541725381722702,0.12782521742147748,0.029292712062587312,317011,0.10558287714909952,0.5342238882468391,0.11628774603567808,0.19099947969773154,10657245,0.068875611,0.2520828149878786,0.086565269,0.12887488616668136,5067887,0.005033659,0.005319507,0.085651053,0.010016897,104377,0.000590885,0.000594659,0.085181585,0.001181073,11317,0.001619246,0.001651286,0.077024889,0.003233256,34755,0.029722091,0.043405066,0.086160673,0.057728374,850446,0.001598646,0.001625396,0.088536986,0.003192189,32269,0.028528003585484924,0.03568302,0.12455250507806218,0.05547346,671516,0.052989504,0.089897212,0.1143138511397609,0.10064583513872227,1930361,0.098102457,0.099209977,0.058063816160297765,0.10730961300153517,0.10730961300153517,0.10730961300153517
1,53,0.2752712195387093,0,0,0.2752712195387093,0.42753157801274755,0,0,0.42753157801274755,0.10708676607384471,0.030938893,0.015194106867106557,0.016908945252039728,0.13029831772399064,0.029933402,317011,0.10511155243968046,0.5325792314116106,0.11579371591813832,0.19022794976241583,10657245,0.068757916,0.2514784595206594,0.086450625,0.1286688305204409,5067887,0.005118483,0.005407986,0.087270184,0.010184834223905346,104377,0.000542949,0.000546442,0.078289299,0.001085309,11317,0.001627771,0.001659927,0.077514027,0.003250251,34755,0.029595877920797608,0.043178988,0.08599135,0.057490281,850446,0.001612898,0.001639815,0.089466671,0.003220601,32269,0.028698979,0.035887158,0.1253238939950798,0.055796650556710105,671516,0.053128395,0.09024443,0.11439932737969737,0.10089633033642773,1930361,0.097953138,0.099079741,0.058075444,0.10708676607384471,0.10708676607384471,0.1070867660738447
1,66,0.2152356080320058,0,0,0.2152356080320058,0.40098063125399924,0,0,0.40098063125399924,0.10725147460124375,0.030927785,0.014980862652730752,0.016676669828075356,0.1284056389210469,0.029519497763883174,317011,0.10551236600418142,0.5337830732977885,0.11622309518079016,0.19088409908167836,10657245,0.068709121,0.25177021753565465,0.086339139,0.1285833910413883,5067887,0.005082645,0.005371329,0.086398344,0.010113885,104377,0.000549129,0.000552667,0.0789962,0.001097655,11317,0.001647625,0.00168023,0.078262121,0.00328983,34755,0.029787946229569845,0.043476306,0.086433471,0.057852582832483936,850446,0.001616742,0.001643778,0.08949766,0.003228264,32269,0.028421544846129118,0.035517103,0.1245465484068883,0.055272169,671516,0.052969866,0.089777771,0.11441590458986688,0.1006104116178641,1930361,0.098024915,0.098951812,0.058045179,0.10725147460124375,0.10725147460124375,0.10725147460124373
1,21,0.43900194640064316,0,0,0.43900194640064316,0.469118783,0,0,0.469118783,0.10727769786571087,0.030926202,0.014907747,0.016598511006274477,0.12766749418789886,0.029377541917365142,317011,0.10545258283445104,0.5335731202979163,0.11616050864928038,0.19078626161253137,10657245,0.068382495,0.25196302427712436,0.085801637,0.12801125989671558,5067887,0.005064512,0.005354838,0.085430698,0.010077983725135624,104377,0.000537376,0.000540879,0.076610409,0.001074174,11317,0.001613162,0.001645425,0.076017839,0.003221128,34755,0.029836373,0.043659792216586904,0.086119518,0.057943909,850446,0.001588701,0.001615429,0.087607301,0.003172362,32269,0.028699729292196496,0.035733492,0.12724938795203689,0.055798069106022856,671516,0.053179341,0.08947761,0.11589749274876565,0.10098819688825413,1930361,0.098016212,0.098456229,0.058045089,0.10727769786571087,0.10727769786571087,0.10727769786571087
1,85,0.1893855611996091,0,0,0.1893855611996091,0.3793279109251291,0,0,0.3793279109251291,0.10732435088272793,0.030926198,0.015147902080145551,0.016859316878812626,0.1298472292759557,0.029843734196969514,317011,0.10559179407418716,0.5342660206395323,0.11629656632647556,0.19101406982241362,10657245,0.069160708,0.25322364792548385,0.086880982,0.12937382964200744,5067887,0.005055835,0.005343053,0.085967215,0.010060804,104377,0.000550845,0.000554388,0.079349651,0.001101084,11317,0.001567854,0.001598935,0.074636743,0.003130799,34755,0.029695747172137577,0.043350693,0.086153618,0.057678683,850446,0.00157685,0.001603303,0.087235427,0.003148734,32269,0.028406624879079495,0.035508468,0.12436635910387839,0.055243955,671516,0.052507824,0.089072867,0.11340417673170977,0.099776596,1930361,0.098138069,0.098413797,0.058037228987886144,0.10732435088272793,0.10732435088272793,0.10732435088272793
1,72,0.20576282549063232,0,0,0.20576282549063232,0.3915662957319709,0,0,0.3915662957319709,0.10719821494782994,0.030913931,0.015103020714725676,0.016813829911652808,0.12924788098835688,0.029756626483274106,317011,0.10524047855513555,0.5328776954215678,0.11593606039834872,0.19043905936690783,10657245,0.06910727,0.2531912591328892,0.086800475,0.12928032887361582,5067887,0.005080933,0.005370419,0.086139667,0.010110494628202332,104377,0.000568697,0.000572358,0.08164708,0.001136747,11317,0.001644355,0.001677002,0.077888074,0.003283311,34755,0.029556510251523865,0.043193067,0.085604495,0.057416004,850446,0.001614646,0.001641695,0.089249744,0.003224086,32269,0.028627747606827604,0.035719214985128075,0.12602380285801082,0.055662017,671516,0.052595656,0.088978667,0.11396883795310825,0.099935156,1930361,0.098003521,0.099250612,0.058024383,0.10719821494782994,0.10719821494782994,0.10719821494782994
1,86,0.18915078370249538,0,0,0.18915078370249538,0.3844466972460258,0,0,0.3844466972460258,0.10715567837349084,0.030911849,0.014946218,0.016642042189936798,0.12791354243228154,0.029452236,317011,0.10522692711735832,0.5337175356597238,0.11587994833561582,0.19041687193020193,10657245,0.069210036,0.2533451623363929,0.086944519,0.12946013105405152,5067887,0.005105639,0.005395343,0.086829474,0.010159408438373487,104377,0.000555071,0.000558638,0.079968189,0.001109525,11317,0.001659656,0.001692423,0.078952669,0.003313812,34755,0.029583067,0.04317278,0.085907865,0.057466111,850446,0.001619974,0.001646973,0.089931513,0.003234707,32269,0.028418528031271675,0.035522939524521194,0.12441699080885638,0.055266464,671516,0.052793375,0.089493959,0.11405327811740913,0.10029199673838277,1930361,0.09811878,0.099079799,0.058017126,0.10715567837349084,0.10715567837349084,0.10715567837349084
1,65,0.23682701585195542,0,0,0.23682701585195542,0.3835838297870534,0,0,0.3835838297870534,0.10718368034775708,0.030907482,0.015087577231574655,0.01679182,0.12941822208062181,0.029726651315589266,317011,0.10536912888901308,0.5336562462111455,0.11605532198987636,0.19064966830567764,10657245,0.068942904,0.2529865705243539,0.086565269,0.12899267757652436,5067887,0.005064941,0.005353335,0.085938473,0.010078832877894434,104377,0.000565606,0.000569244,0.081293629,0.001130572,11317,0.001630657,0.001662955,0.077456481,0.003256005,34755,0.029642202006057276,0.043295255,0.085921975,0.057577674940489466,850446,0.001563611,0.001589815,0.086646627,0.003122341,32269,0.028534349818639906,0.035639381,0.12520922807498258,0.055485458164175716,671516,0.052673847305392804,0.089208397,0.11395951327238792,0.10007629132276052,1930361,0.098075302,0.098846474,0.058009617,0.10718368034775708,0.10718368034775708,0.10718368034775708
1,99,0.17030067968924378,0,0,0.17030067968924378,0.36978157704616965,0,0,0.36978157704616965,0.10709855637879892,0.030902614,0.014993475573083342,0.016692088,0.1284182567797332,0.029543984141607922,317011,0.10494308054829979,0.531985296,0.1156173101021887,0.18995201181987487,10657245,0.06953657,0.2544857238313369,0.087325349,0.130031215,5067887,0.005045409,0.005332408,0.085708537,0.010040161769384916,104377,0.000529184,0.000532607,0.076080233,0.001057808,11317,0.00165073,0.001683379,0.078434758,0.003296018,34755,0.029664443465727747,0.043320314003725165,0.086010164,0.057619633,850446,0.001569507,0.001595816,0.086925532,0.003134096,32269,0.028597538,0.035722027,0.12540579822372067,0.055604912740129304,671516,0.052496199,0.088923837,0.113592224,0.099755608,1930361,0.09802735,0.098351816,0.058003545,0.10709855637879892,0.10709855637879892,0.10709855637879892
1,19,0.4520701666011302,0,0,0.4520701666011302,0.4927936543235175,0,0,0.4927936543235175,0.1075091334207171,0.030902162,0.014973749601061934,0.016654502131673805,0.12920371848295484,0.029505688,317011,0.10589223999691459,0.5333198406259702,0.11670633451703513,0.19150553040721224,10657245,0.068470557,0.2541383180807895,0.085690151,0.1281655467218206,5067887,0.005091818,0.005387713,0.084846278,0.010132044937495603,104377,0.000550878,0.000554505,0.077670761,0.001101148,11317,0.00160246,0.001634915,0.074694289,0.003199793,34755,0.029759816665956323,0.043685045,0.085388138,0.057799529918169466,850446,0.001591273,0.001618163,0.087390375,0.00317749,32269,0.028536797677221153,0.035441753,0.1277601725051972,0.055490085997247265,671516,0.052552034,0.087955967,0.11548099034325704,0.09985641,1930361,0.098039072,0.098483121,0.057993327,0.1075091334207171,0.1075091334207171,0.10750913342071709
1,51,0.2699591000064227,0,0,0.2699591000064227,0.4166052463548964,0,0,0.4166052463548964,0.1072475106194057,0.030897306,0.014804242124617737,0.016479052844911857,0.12714385305241774,0.029176547574580942,317011,0.10552370065269959,0.5344480929876476,0.11620536076631437,0.1909026474790157,10657245,0.068776303,0.25330710554752434,0.086265538,0.12870102587774251,5067887,0.005070267,0.005360671,0.085583989,0.010089379045196644,104377,0.00058582,0.000589606,0.083591058,0.001170954,11317,0.001626416,0.00165881,0.076881024,0.00324755,34755,0.029737992349150588,0.04347374,0.086024274,0.057758366827485974,850446,0.001593524,0.001620185,0.08828907,0.003181978,32269,0.028542094663691762,0.035589652933992376,0.12597763865641326,0.0555001,671516,0.052712695,0.088919209,0.1146184573766254,0.10014640281118746,1930361,0.098144613,0.099058026,0.057987495,0.1072475106194057,0.1072475106194057,0.10724751061940568
1,29,0.34889729225466787,0,0,0.34889729225466787,0.459512309,0,0,0.459512309,0.10708305619340654,0.030895173,0.015077684554343749,0.01678932,0.12884095504572396,0.029707449555377435,317011,0.10505615886148406,0.5327355046560743,0.11571911877788303,0.19013723061771126,10657245,0.068926841,0.25347461587219333,0.086482986,0.12896456215456265,5067887,0.005082657,0.00537328,0.08590015,0.010113908,104377,0.000564231,0.000567882,0.080675091,0.001127826,11317,0.001668625,0.001701698,0.07906776,0.003331691,34755,0.029770061568036577,0.043487386985684065,0.086239456,0.057818852,850446,0.001567868,0.001594111,0.086956522,0.003130826,32269,0.028291455370419796,0.035289003,0.12486076281131053,0.055026141,671516,0.052946146,0.089321479,0.1150536091435747,0.10056762442014396,1930361,0.098033428,0.098979641,0.057992611152785034,0.10708305619340654,0.10708305619340654,0.10708305619340655
1,97,0.1997238991907693,0,0,0.1997238991907693,0.3947034773977472,0,0,0.3947034773977472,0.1070015404643266,0.030890488,0.015082355272029994,0.016789127,0.12919425508894014,0.029716515,317011,0.1049830478826311,0.5318821388830282,0.1156707010113777,0.19001748141530256,10657245,0.069050788,0.25260346516029164,0.086780546,0.12918149278036556,5067887,0.00512598,0.005416356,0.087270184,0.010199676956109141,104377,0.000544991,0.000548502,0.078466025,0.001089389,11317,0.001649756,0.001682301,0.078578622,0.003294078,34755,0.029658371947102073,0.043286529,0.086092474,0.057608179,850446,0.001585517,0.001612033,0.087917196,0.003166014,32269,0.028569357,0.035714514,0.1249575587178861,0.055551638541957334,671516,0.052654716,0.089366483,0.11361346401009967,0.10004176104335555,1930361,0.097890145,0.098854102,0.057986623,0.1070015404643266,0.1070015404643266,0.1070015404643266
1,39,0.3009360198375089,0,0,0.3009360198375089,0.40964254424236496,0,0,0.40964254424236496,0.10685746497059742,0.030890005,0.015129098440837234,0.016845514,0.12928573456441575,0.029807240210283414,317011,0.10469986349297782,0.5325743551423258,0.11529452499215323,0.1895535012775773,10657245,0.068821842,0.25229538205695023,0.086455361,0.1287807556323541,5067887,0.005087116,0.005375989,0.08648457,0.010122736,104377,0.000557872,0.000561458,0.08032164,0.001115121,11317,0.001622867,0.001654932,0.077283844,0.003240474,34755,0.029513724595727608,0.043049184,0.085812621,0.057335271770790903,850446,0.001603388,0.001630184,0.08887787,0.003201643,32269,0.028792736275325515,0.035949101092415794,0.1263603547793351,0.055973833,671516,0.05307154,0.089873775,0.11473449784781188,0.10079379797687893,1930361,0.097980987,0.099091102,0.057992437,0.10685746497059742,0.10685746497059742,0.10685746497059742
1,13,0.5535087406039735,0,0,0.5535087406039735,0.5453819437487536,0,0,0.5453819437487536,0.10783773735103559,0.030887197,0.014906682335966861,0.016569657,0.12932043367580304,0.029375473815300528,317011,0.10687058910080241,0.53589796,0.11777058705134394,0.19310403610528987,10657245,0.067540912,0.2521181586494202,0.084463407,0.12653550124702434,5067887,0.005118546,0.005418274,0.084692988,0.010184959556839046,104377,0.000572677,0.000576475,0.079968189,0.001144699,11317,0.001614665,0.001647649,0.074636743,0.003224125,34755,0.029746333631686786,0.043790607805191735,0.084877817,0.0577741,850446,0.00155041,0.00157681,0.084756268,0.003096021,32269,0.028195401812960208,0.034963459857033745,0.1271377003675266,0.054844443,671516,0.052755751,0.087860128,0.11663776879039724,0.10022410461093734,1930361,0.098041918,0.09842619,0.057950746,0.10783773735103559,0.10783773735103559,0.10783773735103559
1,45,0.2751472943852486,0,0,0.2751472943852486,0.41808243,0,0,0.41808243,0.10744047522247085,0.03088637,0.014911900280490251,0.016578387857844937,0.12918163723025383,0.029385605,317011,0.10574040307821037,0.533951232,0.11649183255147086,0.19125719343137942,10657245,0.068959215,0.2562687655322446,0.086213051,0.12902122723691564,5067887,0.005097353,0.005393794,0.08487502,0.010143003,104377,0.000591067,0.000594935,0.08332597,0.001181435,11317,0.001650099,0.001683494,0.076794706,0.003294761,34755,0.029795234,0.043689486,0.085663287,0.057866328083144125,850446,0.001596825,0.001623713,0.087948186,0.003188558,32269,0.028226825166266595,0.035090067,0.126116131,0.054903888,671516,0.052294783,0.087534488,0.11496502467673145,0.09939189,1930361,0.098240836,0.099157485,0.057963388780780355,0.10744047522247085,0.10744047522247085,0.10744047522247085
1,64,0.23098938024411292,0,0,0.23098938024411292,0.41166829298576846,0,0,0.41166829298576846,0.10721966110597939,0.0308841,0.014900158,0.016580091895858975,0.12820375318206623,0.029362806437536308,317011,0.10545340427705055,0.533645637,0.11615806899437894,0.1907876060068139,10657245,0.06890896,0.25329897806962026,0.08647529,0.1289332637446889,5067887,0.005123729,0.005416183,0.086666603,0.010195220553636766,104377,0.000548624,0.000552177,0.078554387,0.001096645,11317,0.001612539,0.001644723,0.076132931,0.003219885,34755,0.029684914787956474,0.043396037,0.085884348,0.057658249356929744,850446,0.00157984,0.001606363,0.087328396,0.003154696,32269,0.028355707704358767,0.035385678,0.12490245950952769,0.055147664,671516,0.052673128,0.088994487,0.11430711664812955,0.10007499252229084,1930361,0.098052035,0.098461335,0.057963103,0.10721966110597939,0.10721966110597939,0.10721966110597939
1,49,0.27552830882612417,0,0,0.27552830882612417,0.39896218268996375,0,0,0.39896218268996375,0.10704839676246357,0.030882451,0.014978812052195662,0.016677699225231223,0.12819428978805153,0.029515516726718375,317011,0.10521771163690563,0.5339224874717902,0.11585911743607283,0.19040178333926763,10657245,0.068644438,0.25152751600008283,0.086265538,0.12847011674840578,5067887,0.005017944,0.005303805,0.085172021,0.00998578,104377,0.000555306,0.000558881,0.079879827,0.001109996,11317,0.001635286,0.001667663,0.077686664,0.003265233,34755,0.0296513,0.043277113,0.086070133,0.057594838354332024,850446,0.001594387,0.001621014,0.088475007,0.003183698,32269,0.028494685,0.035584866,0.1251183888395809,0.055410465725165566,671516,0.053034639,0.089830255,0.11463296243552372,0.1007272446706164,1930361,0.09799713,0.098735395,0.057966467,0.10704839676246357,0.10704839676246357,0.10704839676246357
1,76,0.21766390629751697,0,0,0.21766390629751697,0.39100899853178306,0,0,0.39100899853178306,0.10718632300231577,0.030880659,0.015028149142989729,0.016719716,0.12932989706981776,0.029611295323540177,317011,0.10531264499890707,0.5323645254462729,0.11604800302517208,0.19055720655219902,10657245,0.069074724,0.25340299707050223,0.086724309,0.12922337898544523,5067887,0.005048059,0.005336262,0.085478602,0.010045408127075202,104377,0.000571521,0.00057521,0.081823805,0.001142388,11317,0.001623669,0.001656033,0.076708387,0.003242074,34755,0.029654495767448122,0.043363456,0.085757356,0.057600866872038047,850446,0.001599034,0.001625892,0.088258081,0.003192963,32269,0.028469053456182825,0.035534099368228225,0.1252524139409932,0.055362003,671516,0.052425236312733055,0.088661091,0.1136896155693158,0.099627479,1930361,0.097923928,0.098907047,0.057960506,0.10718632300231577,0.10718632300231577,0.10718632300231577
1,93,0.18380466902583564,0,0,0.18380466902583564,0.37565578757277335,0,0,0.37565578757277335,0.10677620334291736,0.030877418,0.015013481,0.016725207987683847,0.1279293147556394,0.029582820591189565,317011,0.10450637875825908,0.5322268951872414,0.11507617587847516,0.18923635167367767,10657245,0.069342185,0.2535211186742727,0.087132369,0.12969129309335867,5067887,0.005110205,0.005398892,0.087231861,0.010168446656697383,104377,0.000547285,0.000550791,0.079172926,0.001093972,11317,0.001661023,0.001693674,0.079326716,0.003316538,34755,0.029706091440104658,0.043303338403839285,0.086428768,0.057698195,850446,0.001629113,0.001656171,0.090675261,0.003252927,32269,0.028532669809816277,0.035678843,0.12469248685064839,0.055482282,671516,0.052725745,0.08947716,0.11376524909071412,0.10016995430482485,1930361,0.098023209,0.099143113,0.057969278045901164,0.10677620334291736,0.10677620334291736,0.10677620334291735
1,28,0.3583792092202605,0,0,0.3583792092202605,0.4455730472377297,0,0,0.4455730472377297,0.10697536802013946,0.030875245,0.015062976,0.016760823856349565,0.12944976672733755,0.0296789,317011,0.10502299897665983,0.5310134125665172,0.1157604052454457,0.1900829196748295,10657245,0.068651927,0.25135650995463643,0.086297504,0.1284832318080798,5067887,0.005049695,0.005336159,0.085976796,0.010048648,104377,0.000555624,0.000559194,0.080056552,0.001110631,11317,0.001635224,0.001667586,0.077715437,0.00326511,34755,0.029610976,0.043216181,0.085971361,0.057518765,850446,0.001568878,0.001595156,0.086956522,0.003132842,32269,0.028479907092393123,0.03562757,0.12431125989551998,0.055382525,671516,0.053114247,0.090173362,0.11444802293457026,0.10087081585480694,1930361,0.097730595,0.098694363,0.057957439,0.10697536802013946,0.10697536802013946,0.10697536802013946
1,91,0.18540949046264382,0,0,0.18540949046264382,0.37121126725711395,0,0,0.37121126725711395,0.10698695504397378,0.030874328,0.014955878128975713,0.016656161484589864,0.1277873638454186,0.029470991697779378,317011,0.1049616640561676,0.5335385255187023,0.11556673417942442,0.18998245363711036,10657245,0.069196404,0.253780272,0.086871905,0.1294362827137469,5067887,0.005036313,0.005322804,0.085564828,0.010022151749584235,104377,0.000574681,0.000578367,0.082707431,0.001148701,11317,0.001620644,0.001652687,0.07713998,0.003236043,34755,0.029708099,0.043369871,0.086181839,0.057701982130359104,850446,0.001545204,0.001571078,0.085778921,0.00308564,32269,0.028443633719234314,0.035524518,0.12488012199262565,0.055313938045144125,671516,0.052700763,0.089171165,0.11414652492461255,0.1001248698136768,1930361,0.098116545,0.098662565,0.057952305,0.10698695504397378,0.10698695504397378,0.10698695504397376
1,81,0.206672703,0,0,0.206672703,0.39256310113065945,0,0,0.39256310113065945,0.10700850284268318,0.0308714,0.014906155816840141,0.01659154,0.1279640138670267,0.029374451482842817,317011,0.10495134707457185,0.5324584005732428,0.11560501799480072,0.18996555341995308,10657245,0.069237591,0.25469948040477147,0.086829481,0.1295083361562475,5067887,0.005074607,0.005364471,0.085852247,0.010097970940020691,104377,0.000555457,0.000559056,0.079438014,0.001110297,11317,0.001704303,0.001738057,0.080679039,0.003402807,34755,0.029755898493729456,0.043475707,0.086166553,0.05779214,850446,0.001627195,0.001654365,0.09014844,0.003249103,32269,0.028457681651229503,0.035504071,0.12540579822372067,0.055340501,671516,0.052443769,0.08856955,0.11392791296550231,0.099660942,1930361,0.09806147,0.099201652,0.05795021,0.10700850284268318,0.10700850284268318,0.10700850284268318
1,31,0.35849142206102286,0,0,0.35849142206102286,0.43111798393041467,0,0,0.43111798393041467,0.10725264346768318,0.030870318,0.015055973247511475,0.016750412,0.12955386406149944,0.029665306434958977,317011,0.10557707774753283,0.5322778068189914,0.1163733216229898,0.19098999042677725,10657245,0.068582746,0.2527806157653463,0.086022044,0.12836206966354827,5067887,0.005044177,0.00533346,0.085085795,0.010037722,104377,0.000535094,0.000538577,0.076433684,0.001069617,11317,0.001611647,0.001643822,0.076075385,0.003218107,34755,0.029556848603565094,0.043233715,0.085448106,0.057416642,850446,0.001548844,0.001574904,0.085592984,0.003092898,32269,0.028412054,0.035442958,0.12528219729686263,0.055254221,671516,0.052778718754920254,0.089111627,0.11461120484717625,0.10026555023327136,1930361,0.09786879,0.098047859,0.057937212,0.10725264346768318,0.10725264346768318,0.10725264346768318
1,58,0.23688524867176117,0,0,0.23688524867176117,0.36878153513015854,0,0,0.36878153513015854,0.10714083885173814,0.030868485,0.014905367870292617,0.016588128,0.12810911924191906,0.029372922,317011,0.10524754481657009,0.5320199588616408,0.11598532266078147,0.19045062856762512,10657245,0.069169589,0.25369406303988545,0.086839742,0.12938936852364455,5067887,0.005067217,0.005355804,0.085957634,0.01008334,104377,0.000567936,0.000571596,0.081470354,0.001135228,11317,0.00167215,0.001705311,0.079182851,0.003338718,34755,0.029626587269184036,0.043305305162646524,0.085751476,0.057548217257599815,850446,0.001598822,0.001625589,0.088505996,0.00319254,32269,0.028257299,0.035303948,0.12401342633682592,0.054961532800901804,671516,0.052572332,0.0889963,0.11383052185575651,0.099893053,1930361,0.0979166,0.098964644,0.057936554775506466,0.10714083885173814,0.10714083885173814,0.10714083885173814
1,80,0.20686847420655916,0,0,0.20686847420655916,0.37932788412537205,0,0,0.37932788412537205,0.10715750790356994,0.030863221,0.014981391,0.016678975142073706,0.12830785051622814,0.029520522841663312,317011,0.1053512647264492,0.5333489157969094,0.11604819069093372,0.19062042644429664,10657245,0.068947132,0.25424486381781464,0.086425566,0.12900007893245619,5067887,0.005129902,0.005423946,0.086446248,0.010207441,104377,0.000546646,0.0005502,0.078024211,0.001092695,11317,0.001586655,0.001618372,0.074895698,0.003168284,34755,0.029707756,0.043434947,0.085923151,0.057701335399030565,850446,0.001609529,0.001636479,0.089032818,0.003213886,32269,0.028461779185075763,0.035466399,0.12595827947509813,0.055348248736337244,671516,0.052310149446704944,0.088135172,0.11401805154579894,0.099419643,1930361,0.098053827,0.098508006,0.057929256,0.10715750790356994,0.10715750790356994,0.10715750790356994
1,79,0.19670330180315848,0,0,0.19670330180315848,0.4141107730623288,0,0,0.4141107730623288,0.10689989990437657,0.030855246,0.014982632034836102,0.016680087379500587,0.12833308623360073,0.029522932830483888,317011,0.10494854619061383,0.5325117224781111,0.11559910652330879,0.18996096524572326,10657245,0.068894558,0.2521525420222632,0.086586974,0.12890805218153817,5067887,0.005068491,0.005356262,0.086206731,0.010085860963525905,104377,0.000568686,0.00057233,0.08200053,0.001136726,11317,0.001646408,0.001678898,0.078405985,0.003287404,34755,0.029585682,0.043159362,0.085983119,0.057471043,850446,0.001569596,0.001595856,0.08708048,0.003134272,32269,0.028665120697933373,0.035831431375870776,0.1253581448543296,0.055732658026714336,671516,0.052622737,0.089292005,0.11358497193012085,0.09998404,1930361,0.09788305,0.098913913,0.057922395,0.10689989990437657,0.10689989990437657,0.10689989990437657
1,17,0.4911103317580751,0,0,0.4911103317580751,0.5475797674538789,0,0,0.5475797674538789,0.10714251592097732,0.030853935,0.015057072201942344,0.016765102104519543,0.12876209342893463,0.02966744,317011,0.10539800011346923,0.5335576663501337,0.11609501329846504,0.19069692563701057,10657245,0.068295004,0.2520316329178818,0.085656014,0.12785794968388592,5067887,0.005113678,0.005407545,0.086005538,0.010175322264822482,104377,0.000535492,0.000538993,0.076168596,0.001070411,11317,0.001656777,0.00168991,0.077916846,0.003308073,34755,0.029527298496551415,0.043221420655308276,0.085249387,0.057360885,850446,0.001550715,0.001576807,0.085685952,0.003096629,32269,0.028379806,0.03531886,0.12621739467116197,0.055193239,671516,0.053025505,0.089103287,0.11579543929865968,0.10071076995234725,1930361,0.097921122,0.098355227,0.057913764,0.10714251592097732,0.10714251592097732,0.10714251592097732
1,8,0.7002492357203605,0,0,0.7002492357203605,0.6780358723657117,0,0,0.6780358723657117,0.10716828180292465,0.030849592,0.015285974776203352,0.01699666,0.13185031434240452,0.030111663424825304,317011,0.10547604112302184,0.5319492932689253,0.11626625830596932,0.19082465327040773,10657245,0.067745899,0.2519732313620368,0.084800628,0.1268951710830424,5067887,0.005079227,0.005374815,0.084549278,0.010107118274471538,104377,0.000563874,0.000567587,0.079349651,0.001127112,11317,0.001675372,0.00170922,0.078003165,0.00334514,34755,0.029740465,0.043637831709941434,0.085409303,0.05776303,850446,0.001569123,0.001595629,0.086305742,0.003133329,32269,0.028418719,0.035291578,0.127344695,0.055266826,671516,0.052941228,0.088491516,0.11643677011709208,0.10055875169618653,1930361,0.097758736,0.09903158,0.057913279,0.10716828180292465,0.10716828180292465,0.10716828180292465
1,36,0.31570336289648016,0,0,0.31570336289648016,0.45025633648968455,0,0,0.45025633648968455,0.10697856969777789,0.030847779,0.015178411160776029,0.016891684,0.13016898467245616,0.029902943,317011,0.10504544919000533,0.5310838536463806,0.11578433263005589,0.1901196901303983,10657245,0.068612785,0.252631841,0.086086568,0.12841468090006866,5067887,0.005080565,0.005371279,0.085813925,0.010109766076920906,104377,0.00057158,0.000575278,0.08164708,0.001142506,11317,0.001633694,0.001666261,0.07713998,0.003262059,34755,0.029496219,0.043151245,0.085263497,0.057302238,850446,0.001640519,0.001667939,0.09073724,0.003275664,32269,0.028628564917416693,0.035685351,0.12646310735708458,0.055663562,671516,0.052590003253668124,0.088765267,0.11429416570268462,0.099924953,1930361,0.097749,0.099339888,0.057911806279311105,0.10697856969777789,0.10697856969777789,0.10697856969777789
1,75,0.20195552097520264,0,0,0.20195552097520264,0.3919836825177036,0,0,0.3919836825177036,0.106742357,0.030835909,0.015071981,0.016787507385168356,0.12853181750790982,0.029696378471765445,317011,0.10473208709814003,0.532627273,0.11533111981567469,0.18960630965874362,10657245,0.068951869,0.2517241537300252,0.086728256,0.12900836972797466,5067887,0.005045538,0.005330452,0.086254635,0.010040415936190998,104377,0.000551094,0.000554614,0.079879827,0.001101581,11317,0.001654429,0.001686897,0.079154079,0.003303393,34755,0.029613825250685854,0.043159222,0.086221818,0.057524141,850446,0.001589147,0.00161564,0.088351049,0.003173252,32269,0.028519436,0.035686384,0.12434848909035674,0.055457262,671516,0.052629679,0.089503817,0.11327622139071397,0.09999657,1930361,0.097867596,0.098807731,0.057890767,0.106742357,0.106742357,0.106742357
1,94,0.18258202826599595,0,0,0.18258202826599595,0.385702636,0,0,0.385702636,0.10691428204360949,0.030833689,0.014970772353736865,0.016677757,0.1276044048944674,0.029499908295919402,317011,0.10485269731383078,0.5336775651226272,0.11542814301444698,0.18980393959982816,10657245,0.069339621,0.25487305875658645,0.086969777,0.1296868073885227,5067887,0.005176308,0.005471901,0.087442636,0.010299303,104377,0.000529137,0.000532581,0.07563842,0.001057714,11317,0.00165309,0.00168594,0.078204575,0.003300723,34755,0.029830191375748678,0.04357682,0.086392317,0.057932253,850446,0.001594959,0.001621616,0.088444017,0.003184838,32269,0.028276357,0.035233926,0.1252583706121671,0.054997582,671516,0.052113761,0.087829846,0.11359585072429458,0.099064878,1930361,0.098118101,0.098497851,0.057882795,0.10691428204360949,0.10691428204360949,0.10691428204360949
1,43,0.29609287788875893,0,0,0.29609287788875893,0.41689080885804564,0,0,0.41689080885804564,0.10686549457483348,0.030830137,0.01501309,0.016715760644690953,0.12845611035579207,0.029582061307844996,317011,0.1048650921071881,0.532793187,0.11548463040870319,0.189824247,10657245,0.068754527,0.2528135780179299,0.086288625,0.12866289750654053,5067887,0.005016563,0.005303119,0.084951666,0.009983044,104377,0.000571982,0.000575664,0.082088893,0.001143309,11317,0.001622824,0.001655047,0.07693857,0.003240389,34755,0.029427432,0.042997010671600076,0.085291718,0.057172426,850446,0.001593411,0.001620026,0.088413028,0.003181751,32269,0.028432701360257117,0.035481189,0.12520624973939565,0.055293265806601814,671516,0.053003750287864124,0.089482726,0.11505827148393487,0.1006715318409346,1930361,0.097943731,0.098817776,0.057875492,0.10686549457483348,0.10686549457483348,0.10686549457483348
1,95,0.1814929551377483,0,0,0.1814929551377483,0.40194905245929435,0,0,0.40194905245929435,0.10664117385902373,0.030824361,0.015019630457974704,0.016738631858522805,0.12759178703578108,0.029594758578605773,317011,0.10432634045028284,0.5316874954944939,0.11488306780973882,0.18894114290119055,10657245,0.069344247,0.25420088177608974,0.087055611,0.12969489856286676,5067887,0.005112874,0.005403052,0.08692528,0.010173731633487759,104377,0.000568418,0.000572063,0.081912168,0.001136191,11317,0.001614475,0.001646351,0.076967343,0.003223746,34755,0.029761844611885416,0.043384319,0.086578101,0.057803355,850446,0.001616611,0.001643498,0.089931513,0.003228004,32269,0.028435232571094007,0.035497831,0.1250483979532878,0.055298052,671516,0.052443932,0.088782829,0.11357771940067168,0.099661237,1930361,0.097955695,0.099047099,0.057875512,0.10664117385902373,0.10664117385902373,0.10664117385902373
1,22,0.41503704663716584,0,0,0.41503704663716584,0.5108562840907203,0,0,0.5108562840907203,0.10719628377719088,0.030810764,0.015120443712168604,0.016824040155156806,0.12992293642807348,0.029790442712147595,317011,0.10579856815966966,0.5353465185581889,0.11649614886398876,0.19135233342858352,10657245,0.067988037,0.2520500526418132,0.085171591,0.12731984701796528,5067887,0.005145989,0.005443268,0.086110925,0.010239286940978849,104377,0.000568096,0.000571815,0.08032164,0.001135547,11317,0.0015768,0.001608646,0.073773558,0.003148635,34755,0.029530968,0.043275997691021605,0.085068305,0.057367809843940624,850446,0.001603713,0.001630645,0.088505996,0.003202291,32269,0.028103076,0.034939612,0.1255889658623175,0.054669764,671516,0.05267195,0.088277867,0.11550585615851128,0.10007286619526928,1930361,0.097996846,0.098646592,0.057829882,0.10719628377719088,0.10719628377719088,0.10719628377719088
1,89,0.1965396300293226,0,0,0.1965396300293226,0.3815922353736169,0,0,0.3815922353736169,0.10642290075653102,0.03080331,0.015077915776138918,0.016797027,0.1284056389210469,0.029707898,317011,0.10380286228483483,0.5294522449394533,0.11435234903579677,0.1880822487993307,10657245,0.069291814,0.2545746206644685,0.086929326,0.12960318827349854,5067887,0.005049364,0.00533716,0.085622311,0.010047991329292924,104377,0.000557627,0.000561214,0.080233277,0.001114632,11317,0.001639667,0.001672099,0.077945619,0.003273965,34755,0.029729391551114006,0.043378356,0.086327645,0.057742144,850446,0.001595836,0.00162244,0.088691933,0.003186587,32269,0.028624562944445382,0.0357016,0.12618165464411868,0.055655997,671516,0.052664059,0.088984928,0.11428017868160412,0.10005862402496454,1930361,0.097808169,0.098896993,0.057847328,0.10642290075653102,0.10642290075653102,0.10642290075653102
1,27,0.3984705079703605,0,0,0.3984705079703605,0.4510617549473003,0,0,0.4510617549473003,0.10669407777047772,0.030802304,0.015145961672421243,0.016859415210049713,0.1296989694363918,0.029839968328236748,317011,0.10452368231154517,0.5303044113663844,0.11518746167513273,0.18926471923679933,10657245,0.068530456,0.2530938374397496,0.085903652,0.1282704773129051,5067887,0.005173956,0.005470818,0.087049829,0.010294648335107457,104377,0.000560523,0.000564161,0.079968189,0.001120418,11317,0.00160626,0.001638352,0.075787656,0.003207368,34755,0.029738733343314866,0.043494870635279556,0.085947844,0.057759764,850446,0.001601271,0.00162812,0.088505996,0.003197422,32269,0.028328894203765106,0.035278308,0.12572894763490372,0.055096953,671516,0.052813303,0.088853552,0.11520539422418916,0.10032795567827545,1930361,0.097718585,0.098898394,0.057837969445316086,0.10669407777047772,0.10669407777047772,0.10669407777047772
1,60,0.23980030161852048,0,0,0.23980030161852048,0.37139508837863466,0,0,0.37139508837863466,0.10660305864904246,0.030797239,0.015012105464684056,0.016718018262883712,0.12825107015213982,0.029580150589063846,317011,0.10439524673867627,0.5315782418050585,0.11497173988211776,0.18905413989594697,10657245,0.069024996,0.2527383868704643,0.086723915,0.1291363559769862,5067887,0.005042097,0.00532845,0.085775602,0.010033604112511299,104377,0.000553479,0.000557035,0.079791464,0.001106346,11317,0.001624539,0.001656593,0.077456481,0.003243809,34755,0.029488233181360762,0.043016551453945985,0.085726783,0.057287169,850446,0.00159975,0.001626402,0.088939849,0.00319439,32269,0.028419389,0.035511315,0.1245763317627577,0.055268092033546025,671516,0.05281255,0.089530243,0.11408384234865913,0.10032659684628355,1930361,0.097826124,0.098629708,0.057823065,0.10660305864904246,0.10660305864904246,0.10660305864904246
1,34,0.3182890299555662,0,0,0.3182890299555662,0.4312661944033204,0,0,0.4312661944033204,0.10673041427065987,0.030794743,0.014986470623894367,0.016679103791039956,0.1286737684181306,0.029530385000466945,317011,0.10463783358798882,0.5294699271692471,0.11536565031581802,0.18945183734674975,10657245,0.0687326,0.2525021565835559,0.086290401,0.1286245037165102,5067887,0.005006564,0.005292244,0.08487502,0.009963247,104377,0.00057839,0.000582112,0.082972519,0.001156112,11317,0.00157435,0.001605638,0.074751834,0.00314375,34755,0.029631048793001553,0.04329297,0.085837314,0.057556634,850446,0.001609573,0.001636472,0.089187765,0.003213973,32269,0.028377351,0.035450045447145646,0.12452272172219277,0.055188595,671516,0.052813248,0.089386977,0.11432058563139226,0.10032785677866565,1930361,0.097589765,0.098679758,0.057815689,0.10673041427065987,0.10673041427065987,0.10673041427065987
1,4,0.8938625772033107,0,0,0.8938625772033107,0.9532774016819429,0,0,0.9532774016819429,0.10684038935652582,0.030790942,0.015439213883385646,0.017174926536839507,0.13252536978212112,0.030408937674055017,317011,0.104901874,0.5297539317165992,0.11567314066627914,0.18988450805366058,10657245,0.067599267,0.25170084400843246,0.084601728,0.12663790412071171,5067887,0.005004257,0.005295273,0.083457083,0.009958678,104377,0.000543396,0.000546974,0.076698772,0.001086202,11317,0.001630809,0.001663733,0.076132931,0.003256307,34755,0.029416624,0.043157749,0.084576799,0.057152028782603316,850446,0.001662719,0.001690678,0.09135703,0.003319917,32269,0.028488568,0.035352469352950736,0.1279552534861418,0.055398901,671516,0.053222694,0.088976431,0.11695843419961344,0.10106636447448261,1930361,0.097531301,0.098993654,0.057816975,0.10684038935652582,0.10684038935652582,0.10684038935652582
1,23,0.4095563531219711,0,0,0.4095563531219711,0.4771694289357537,0,0,0.4771694289357537,0.10690925083589196,0.03078695,0.015013249039651498,0.016710631239571717,0.12877155682294936,0.029582371,317011,0.10500271009402515,0.5317322358255953,0.11570166586204972,0.19004968790545398,10657245,0.068454643,0.2541742634221056,0.085661144,0.12813766768552978,5067887,0.005032368,0.005325245,0.083830729,0.010014340535647048,104377,0.000573661,0.000577413,0.081116904,0.001146664,11317,0.001664783,0.0016982,0.078003165,0.003324033,34755,0.029764717,0.043615674089252966,0.085695035,0.057808773,850446,0.001596345,0.001623153,0.088134123,0.003187601,32269,0.028431623129485342,0.035320996,0.12722109376396096,0.055291227,671516,0.052335404,0.087584633,0.11507484869410436,0.099465254,1930361,0.097836245,0.098921027,0.057800762,0.10690925083589196,0.10690925083589196,0.10690925083589196
1,71,0.23401308402133722,0,0,0.23401308402133722,0.4258140699253988,0,0,0.4258140699253988,0.10648673102817964,0.030784536,0.015087599397840724,0.016801775580015263,0.12883149165170923,0.029726694340056616,317011,0.10420717689622787,0.5297761238613331,0.11482798790869497,0.18874569750423048,10657245,0.068944999,0.25227432011673195,0.086652287,0.12899634537183488,5067887,0.005031745,0.005316596,0.085852247,0.010013107214331449,104377,0.000582147,0.000585861,0.084121234,0.001163617,11317,0.001625912,0.001657916,0.077686664,0.003246546,34755,0.029475279852629658,0.042962724,0.085831434,0.057262724864746775,850446,0.00158819,0.001614651,0.088351049,0.003171344,32269,0.028461397120861567,0.035597020748087446,0.1243306190768351,0.055347526315597584,671516,0.052840913,0.089787722,0.11379995762450651,0.10037777318301609,1930361,0.097637471,0.099028497,0.057805138,0.10648673102817964,0.10648673102817964,0.10648673102817964
1,98,0.1747487116788051,0,0,0.1747487116788051,0.4013177230643988,0,0,0.4013177230643988,0.10641334654389571,0.030775767,0.015056700139144168,0.016769411736611953,0.12848134607316467,0.029666717410131264,317011,0.10400554824805704,0.5297247282983543,0.1145856175775259,0.18841490137998512,10657245,0.06920995,0.2531532219756841,0.086967014,0.12945998198823774,5067887,0.00508113,0.005368311,0.086743248,0.010110885841577138,104377,0.000548745,0.000552257,0.079438014,0.001096889,11317,0.001628934,0.001661018,0.077772982,0.003252571,34755,0.029556250237343627,0.043085837,0.086026626,0.057415513,850446,0.001598796,0.001625437,0.08887787,0.003192488,32269,0.028400637,0.035520403,0.12410575474002108,0.055232632313200754,671516,0.052670976,0.089432592,0.11358238174103186,0.10007110934225229,1930361,0.097689322,0.098658085,0.057791369,0.10641334654389571,0.10641334654389571,0.10641334654389573
1,83,0.1962533686604726,0,0,0.1962533686604726,0.38260259229277294,0,0,0.38260259229277294,0.10664178370238343,0.030762018,0.014940083445463482,0.016634490816139835,0.12791038796760995,0.029440325964357816,317011,0.10450892848393982,0.5320061279655224,0.11508959398043303,0.18924053176716252,10657245,0.069142927,0.25383584477468596,0.086781138,0.12934271951834067,5067887,0.005053025,0.00534099,0.085689376,0.010055239736634563,104377,0.000552415,0.000555979,0.079349651,0.001104221,11317,0.001648617,0.001681275,0.078233348,0.003291807,34755,0.029382016,0.0429171,0.085224694,0.057086710301426404,850446,0.001574168,0.001600562,0.087142459,0.003143389,32269,0.028358234197788518,0.035393919,0.12484884946896277,0.055152442514179854,671516,0.052459764,0.088642154,0.11388336171317179,0.099689824,1930361,0.097860844,0.098415286,0.057754721,0.10664178370238343,0.10664178370238343,0.10664178370238343
1,61,0.23746056442802693,0,0,0.23746056442802693,0.3866048737628375,0,0,0.3866048737628375,0.10638900362978768,0.030739496,0.015055605299697641,0.016774685002174963,0.1280933469185612,0.029664592207739076,317011,0.10392560182252628,0.5309735630667521,0.11443041799264256,0.18828370616815168,10657245,0.069188314,0.25523560209424084,0.086689976,0.1294221289496123,5067887,0.005034111,0.005322997,0.084884601,0.010017791,104377,0.000563825,0.000567485,0.080410003,0.001127015,11317,0.001656034,0.001689043,0.078118256,0.003306592,34755,0.029707929079524954,0.043433814,0.08592903,0.057701661297454354,850446,0.001565482,0.001591665,0.086894543,0.00312607,32269,0.028672692708685575,0.035669392545746706,0.12753232983279625,0.055746969686120605,671516,0.052025362,0.087366849,0.11395485093202774,0.098905148,1930361,0.09786251,0.098693735,0.057730167,0.10638900362978768,0.10638900362978768,0.10638900362978768
1,63,0.23370509107692553,0,0,0.23370509107692553,0.40023879303622506,0,0,0.40023879303622506,0.10648398673306099,0.030736827,0.014894998565871885,0.016589223,0.12728264949796694,0.029352787405435468,317011,0.10432432441644619,0.531747693,0.11487781316841267,0.18893783666600644,10657245,0.068777493,0.25381970204610194,0.086208118,0.1287031090738766,5067887,0.005090874,0.005382615,0.085861828,0.010130176498148773,104377,0.000569404,0.000573083,0.081470354,0.001138159,11317,0.001635546,0.001668066,0.077398935,0.00326575,34755,0.029675810676292966,0.043358908,0.085953723,0.057641076,850446,0.001547098,0.001573025,0.08580991,0.003089416,32269,0.028417048,0.035407449250607834,0.12582574354147927,0.055263666,671516,0.052435673,0.088259767,0.11440606187132873,0.099646323,1930361,0.097837953,0.098509514,0.05771683,0.10648398673306099,0.10648398673306099,0.10648398673306099
1,3,0.9908079142177433,0,0,0.9908079142177433,0.8440142844142168,0,0,0.8440142844142168,0.10699752566220858,0.030728734,0.015322891769204827,0.017049402509778117,0.13142761607641376,0.030183288,317011,0.105337851,0.5321636898655417,0.11608816349816486,0.19059846914849235,10657245,0.067395129,0.25448822137148036,0.083974248,0.12627962599662054,5067887,0.005074221,0.005376237,0.082843922,0.010097206190508719,104377,0.000573359,0.000577213,0.079084563,0.001146061,11317,0.001649371,0.001683398,0.075442382,0.00329331,34755,0.029593887953509927,0.043585387504599345,0.084407476,0.057486526,850446,0.0015629,0.001589321,0.085933868,0.003120922,32269,0.028561599,0.035225797,0.1311688775844507,0.055536972893868976,671516,0.052216134,0.086081034,0.1171754920452703,0.099249827,1930361,0.09778197,0.098754661,0.057699221,0.10699752566220858,0.10699752566220858,0.10699752566220858
1,62,0.2414345015569293,0,0,0.2414345015569293,0.36410296819390703,0,0,0.36410296819390703,0.10591220776306204,0.030709821,0.015178916207816888,0.016908703,0.12920371848295484,0.029903923,317011,0.10283866864676895,0.5253484633783545,0.11337263992711062,0.18649811902761165,10657245,0.069485078,0.25552989790957703,0.087122108,0.12994118250375564,5067887,0.005174368,0.005468725,0.087701314,0.010295463146819447,104377,0.000561082,0.000564693,0.080675091,0.001121535,11317,0.001681609,0.001714775,0.079988491,0.003357571,34755,0.029449567302460254,0.042967429,0.085595088,0.057214201,850446,0.001597419,0.001624034,0.088815891,0.003189743,32269,0.028667042626405206,0.035748726,0.12641843232328046,0.055736291,671516,0.052464456,0.088625749,0.11393257530586248,0.099698295,1930361,0.09745012,0.099282535,0.057695632,0.10591220776306204,0.10591220776306204,0.10591220776306204
2,8,0.7043021287052558,0,0,0.7043021287052558,0.6510681357610038,0,0,0.6510681357610038,0.10805560389128852,0.030618805,0.013064486626916493,0.014328315314966224,0.12900717029542488,0.025792013834017226,275163,0.10724831367007427,0.5391465689864855,0.11807249864749012,0.19372043713408799,10685689,0.068390172,0.2565454163407772,0.08529484,0.12802471194519913,5153055,0.005329548,0.005654716,0.084820373,0.010602588800660302,109950,0.000450657,0.000453247,0.073113687,0.000900908,9834,0.001585995,0.001615868,0.079011208,0.003166968,32565,0.02762949,0.039370949906769315,0.084790494,0.053773251755430546,772221,0.001453337,0.001475991,0.086499379,0.002902455,29769,0.027407973,0.034009253,0.1237321867583359,0.053353631,657727,0.053628079,0.090343405,0.11657632106420064,0.10179698200467087,1951211,0.098294373,0.098091816,0.057403395,0.10805560389128852,0.10805560389128852,0.1080556038912885
2,3,0.9714220797985818,0,0,0.9714220797985818,0.8680661407537404,0,0,0.8680661407537404,0.10802130020230537,0.030584104,0.013182676265369094,0.014445614389360874,0.13102779080036198,0.026022308857393723,275163,0.10751062633768863,0.5378889837498741,0.11845132307331797,0.19414825245190526,10685689,0.067062758,0.25338512234683774,0.083578188,0.12569599572260687,5153055,0.005296791,0.005622995,0.083665302,0.010537765,109950,0.000449352,0.000451962,0.072198495,0.000898301,9834,0.001505317,0.001534109,0.074251497,0.003006109,32565,0.027553133940756303,0.039380854556654354,0.084030349,0.053628631027745725,772221,0.00143066,0.00145311,0.084752595,0.002857232,29769,0.028090159953119552,0.034755569452820025,0.12775817322384514,0.054645324,657727,0.053759563835643155,0.090151518,0.1175239376981782,0.10203383329677307,1951211,0.097906984,0.097723765,0.057347375,0.10802130020230537,0.10802130020230537,0.10802130020230535
2,4,0.8829642767016834,0,0,0.8829642767016834,0.8436945346273252,0,0,0.8436945346273252,0.1074216717188801,0.03051497,0.013325609626426597,0.014615663092626203,0.13116952497247086,0.026300746,275163,0.1063119602876688,0.5346073233142814,0.11715435476364697,0.1921916495597228,10685689,0.067631583,0.2534850790910399,0.084452427,0.1266946089549823,5153055,0.005273825,0.005595338,0.084065484,0.010492314660464134,109950,0.000452685,0.000455274,0.073723815,0.00090496,9834,0.001562362,0.001591772,0.077967143,0.003119849,32565,0.027373383,0.038979609,0.084193515,0.053288091,772221,0.001455128,0.001477731,0.08686889,0.002906028,29769,0.027846971693336768,0.034562757,0.12534987920520216,0.054185054,657727,0.053916191052624116,0.090983118,0.11687357236095942,0.10231589857021557,1951211,0.097635366,0.098181861,0.05723992,0.1074216717188801,0.1074216717188801,0.1074216717188801
2,5,0.8281776283206194,0,0,0.8281776283206194,0.7522733493411075,0,0,0.7522733493411075,0.10676888522260096,0.030358717,0.013121674042020224,0.014402993887615193,0.12853835726460316,0.025903451,275163,0.10526812221107447,0.5336678550689176,0.11593225294129372,0.1904843179598575,10685689,0.067856426,0.2554225057059732,0.084588657,0.1270890430928917,5153055,0.005434004,0.00576587,0.086266485,0.010809270787333153,109950,0.000456277,0.000458896,0.074028879,0.000912137,9834,0.001541496,0.001570599,0.076800246,0.003078247,32565,0.027439727159079247,0.039053646,0.084475817,0.053413794,772221,0.001438646,0.001460957,0.086096275,0.002873159,29769,0.027333855402138247,0.033877566,0.12396784684223089,0.053213189,657727,0.053696939512904725,0.0901342,0.11725436152215214,0.10192103155908823,1951211,0.097581509,0.097794918,0.056969764125986054,0.10676888522260096,0.10676888522260096,0.10676888522260096
2,6,0.7908683905097269,0,0,0.7908683905097269,0.8446997466631277,0,0,0.8446997466631277,0.10614999585306516,0.030288493,0.013289412968349068,0.01459741,0.1291561728866163,0.026230241,275163,0.10429375492069319,0.5314138993347146,0.11485632793542841,0.1888877021281049,10685689,0.067679761,0.2526375372094074,0.084622229,0.1267791397620938,5153055,0.005251508,0.005568238,0.084520236,0.010448147148767765,109950,0.000451107,0.000453655,0.074333943,0.000901807,9834,0.001483534,0.001511188,0.074988485,0.002962672,32565,0.027254663,0.038725074,0.084260853,0.053063108466708746,772221,0.001436865,0.001459139,0.086029091,0.002869606,29769,0.027810398,0.034532099,0.12501235314955902,0.054115813527373824,657727,0.053933931627214264,0.091206025,0.1165906711268028,0.10234784175502033,1951211,0.097210427,0.097437036,0.056860607930194026,0.10614999585306516,0.10614999585306516,0.10614999585306516
2,7,0.7579608654400193,0,0,0.7579608654400193,0.6526988304028603,0,0,0.6526988304028603,0.10619100781900499,0.030284141,0.013359376053179873,0.014675460315253372,0.12965405959376805,0.026366511957903446,275163,0.1043517580173393,0.5325327422824784,0.11487448305860296,0.1889828259153292,10685689,0.067803543,0.2553899096692015,0.084510062,0.12699628708973393,5153055,0.005374592,0.00570247,0.085484311,0.010691719803911199,109950,0.000470704,0.000473387,0.076672768,0.000940964,9834,0.001553228,0.001582343,0.077844311,0.003101638,32565,0.02738014,0.038912460221514254,0.08457294,0.053300895,772221,0.001455136,0.001477565,0.087473546,0.002906042,29769,0.027715350546869227,0.034307596,0.1260553390692491,0.05393585,657727,0.053377587,0.089668139,0.11651994581826364,0.10134559111797976,1951211,0.097472207,0.098366177,0.056856833,0.10619100781900499,0.10619100781900499,0.10619100781900499
2,2,1.0854537510852036,0,0,1.0854537510852036,0.916098694,0,0,0.916098694,0.10601364504189217,0.030218643,0.013502552,0.014831309747165244,0.13097327765724315,0.026645324,275163,0.104363487,0.5332192160227656,0.11485679585097414,0.1890020599943915,10685689,0.066853824,0.25254406916998606,0.083345122,0.12532892927402328,5153055,0.005317867,0.005643876,0.084301955,0.010579474176506811,109950,0.000491452,0.000494252,0.079825097,0.00098242,9834,0.001551349,0.001580583,0.077383694,0.003097892,32565,0.027312785,0.038875631,0.084105457,0.053173260108347435,772221,0.001423557,0.001445647,0.085222883,0.002843066,29769,0.027643996,0.034162915,0.12653882233814334,0.053800725,657727,0.053725561,0.089875017,0.11783348904859597,0.10197258708903696,1951211,0.097267252,0.098438659,0.056742574,0.10601364504189217,0.10601364504189217,0.10601364504189217
